time_sec,seq,ax_ms2,ay_ms2,az_ms2,ax_g,ay_g,az_g,gx_dps,gy_dps,gz_dps
2092.190000,209219,-0.001000,-0.447000,9.821000,-0.000102,-0.045581,1.001463,0.001000,-0.001000,-0.001000
2092.240000,209224,-0.008000,-0.460000,9.827000,-0.000816,-0.046907,1.002075,-0.001000,-0.003000,-0.001000
2092.290000,209229,-0.014000,-0.450000,9.833000,-0.001428,-0.045887,1.002687,0.002000,-0.001000,-0.002000
2092.340000,209234,0.000000,-0.445000,9.818000,0.000000,-0.045377,1.001157,-0.005000,-0.002000,-0.001000
2092.390000,209239,-0.006000,-0.442000,9.836000,-0.000612,-0.045071,1.002993,-0.001000,-0.001000,-0.001000
2092.440000,209244,-0.010000,-0.450000,9.845000,-0.001020,-0.045887,1.003911,0.001000,-0.001000,-0.001000
2092.490000,209249,0.001000,-0.445000,9.821000,0.000102,-0.045377,1.001463,-0.001000,-0.001000,-0.001000
2092.540000,209254,-0.005000,-0.448000,9.825000,-0.000510,-0.045683,1.001871,-0.002000,-0.002000,-0.001000
2092.590000,209259,-0.010000,-0.436000,9.844000,-0.001020,-0.044460,1.003809,0.002000,-0.002000,0.000000
2092.640000,209264,0.002000,-0.458000,9.844000,0.000204,-0.046703,1.003809,0.001000,0.000000,-0.002000
2092.690000,209269,-0.013000,-0.460000,9.831000,-0.001326,-0.046907,1.002483,-0.002000,-0.001000,-0.001000
2092.740000,209274,0.006000,-0.449000,9.832000,0.000612,-0.045785,1.002585,0.001000,-0.001000,-0.001000
2092.790000,209279,0.000000,-0.439000,9.836000,0.000000,-0.044766,1.002993,0.000000,-0.003000,0.000000
2092.840000,209284,0.001000,-0.455000,9.835000,0.000102,-0.046397,1.002891,-0.001000,-0.001000,-0.001000
2092.890000,209289,0.000000,-0.459000,9.819000,0.000000,-0.046805,1.001259,-0.003000,-0.002000,-0.001000
2092.940000,209294,-0.012000,-0.460000,9.835000,-0.001224,-0.046907,1.002891,0.000000,-0.001000,-0.002000
2092.990000,209299,-0.010000,-0.445000,9.861000,-0.001020,-0.045377,1.005542,0.003000,-0.002000,-0.001000
2093.040000,209304,-0.014000,-0.453000,9.838000,-0.001428,-0.046193,1.003197,0.000000,-0.002000,-0.002000
2093.090000,209309,-0.023000,-0.444000,9.838000,-0.002345,-0.045275,1.003197,0.003000,-0.002000,-0.001000
2093.140000,209314,0.002000,-0.460000,9.809000,0.000204,-0.046907,1.000240,-0.001000,-0.001000,0.000000
2093.190000,209319,-0.016000,-0.435000,9.836000,-0.001632,-0.044358,1.002993,0.001000,-0.001000,-0.002000
2093.240000,209324,-0.013000,-0.441000,9.844000,-0.001326,-0.044969,1.003809,0.001000,-0.001000,0.000000
2093.290000,209329,-0.002000,-0.449000,9.818000,-0.000204,-0.045785,1.001157,-0.001000,-0.001000,0.000000
2093.340000,209334,-0.001000,-0.454000,9.828000,-0.000102,-0.046295,1.002177,0.000000,-0.001000,0.000000
2093.390000,209339,-0.023000,-0.446000,9.841000,-0.002345,-0.045479,1.003503,0.004000,-0.001000,0.000000
2093.440000,209344,0.003000,-0.462000,9.822000,0.000306,-0.047111,1.001565,0.000000,-0.002000,0.000000
2093.490000,209349,0.000000,-0.440000,9.835000,0.000000,-0.044868,1.002891,0.000000,-0.002000,0.000000
2093.540000,209354,-0.008000,-0.451000,9.821000,-0.000816,-0.045989,1.001463,0.000000,-0.001000,0.000000
2093.590000,209359,-0.016000,-0.430000,9.840000,-0.001632,-0.043848,1.003401,0.000000,-0.002000,0.000000
2093.640000,209364,-0.015000,-0.433000,9.848000,-0.001530,-0.044154,1.004217,0.004000,-0.002000,-0.001000
2093.690000,209369,0.000000,-0.456000,9.849000,0.000000,-0.046499,1.004318,0.000000,0.000000,-0.002000
2093.740000,209374,-0.074000,0.182000,9.420000,-0.007546,0.018559,0.960573,0.326000,0.004000,-0.195000
2093.790000,209379,0.077000,0.322000,9.887000,0.007852,0.032835,1.008193,0.043000,0.002000,0.199000
2093.840000,209384,0.068000,-0.360000,9.832000,0.006934,-0.036710,1.002585,0.007000,0.001000,0.098000
2093.890000,209389,1.101000,0.485000,19.613000,0.112271,0.049456,1.999969,0.856000,0.034000,-0.019000
2093.940000,209394,0.083000,-1.111000,6.076000,0.008464,-0.113290,0.619580,0.610000,-3.546000,0.182000
2093.990000,209399,1.391000,-0.182000,-2.097000,0.141843,-0.018559,-0.213834,0.205000,0.898000,-0.751000
2094.040000,209404,-0.641000,1.854000,16.661000,-0.065364,0.189055,1.698949,-1.694000,3.778000,0.234000
2094.090000,209409,-0.438000,-0.594000,6.571000,-0.044664,-0.060571,0.670056,-0.414000,-0.858000,0.205000
2094.140000,209414,2.867000,0.464000,8.005000,0.292353,0.047315,0.816283,2.289000,-0.461000,0.496000
2094.190000,209419,0.046000,-0.243000,9.850000,0.004691,-0.024779,1.004420,0.001000,0.003000,0.048000
2094.240000,209424,-0.030000,-0.106000,9.836000,-0.003059,-0.010809,1.002993,0.002000,0.000000,-0.001000
2094.290000,209429,-0.001000,-0.115000,9.830000,-0.000102,-0.011727,1.002381,0.001000,0.000000,0.033000
2094.340000,209434,-0.014000,-0.119000,9.841000,-0.001428,-0.012135,1.003503,0.001000,-0.001000,0.003000
2094.390000,209439,-0.021000,-0.117000,9.845000,-0.002141,-0.011931,1.003911,0.000000,-0.002000,0.000000
2094.440000,209444,-0.007000,-0.099000,9.826000,-0.000714,-0.010095,1.001973,0.000000,0.000000,0.012000
2094.490000,209449,-0.005000,-0.110000,9.850000,-0.000510,-0.011217,1.004420,-0.003000,-0.010000,0.082000
2094.540000,209454,-0.011000,-0.105000,9.841000,-0.001122,-0.010707,1.003503,0.001000,-0.003000,0.033000
2094.590000,209459,-0.019000,-0.111000,9.823000,-0.001937,-0.011319,1.001667,0.000000,0.000000,0.001000
2094.640000,209464,0.001000,-0.103000,9.832000,0.000102,-0.010503,1.002585,0.001000,-0.001000,-0.001000
2094.690000,209469,-0.014000,-0.105000,9.847000,-0.001428,-0.010707,1.004115,0.000000,-0.001000,0.000000
2094.740000,209474,-0.019000,-0.110000,9.835000,-0.001937,-0.011217,1.002891,0.000000,-0.002000,0.015000
2094.790000,209479,0.001000,-0.109000,9.841000,0.000102,-0.011115,1.003503,0.001000,-0.001000,0.000000
2094.840000,209484,-0.011000,-0.095000,9.860000,-0.001122,-0.009687,1.005440,0.000000,-0.001000,-0.001000
2094.890000,209489,-0.026000,-0.108000,9.826000,-0.002651,-0.011013,1.001973,0.001000,-0.002000,-0.001000
2094.940000,209494,-0.011000,-0.118000,9.834000,-0.001122,-0.012033,1.002789,0.000000,-0.001000,-0.001000
2094.990000,209499,-0.001000,-0.099000,9.837000,-0.000102,-0.010095,1.003095,0.000000,-0.002000,0.015000
2095.040000,209504,-0.001000,-0.093000,9.849000,-0.000102,-0.009483,1.004318,0.000000,-0.001000,0.000000
2095.090000,209509,-0.014000,-0.110000,9.839000,-0.001428,-0.011217,1.003299,0.000000,-0.002000,0.000000
2095.140000,209514,-0.020000,-0.116000,9.840000,-0.002039,-0.011829,1.003401,0.000000,0.000000,-0.002000
2095.190000,209519,-0.012000,-0.107000,9.849000,-0.001224,-0.010911,1.004318,0.000000,-0.001000,-0.002000
2095.240000,209524,-0.006000,-0.101000,9.839000,-0.000612,-0.010299,1.003299,0.000000,-0.001000,0.000000
2095.290000,209529,-0.002000,-0.103000,9.850000,-0.000204,-0.010503,1.004420,0.000000,-0.002000,-0.001000
2095.340000,209534,-0.017000,-0.116000,9.840000,-0.001734,-0.011829,1.003401,0.000000,-0.001000,-0.001000
2095.390000,209539,-0.004000,-0.112000,9.836000,-0.000408,-0.011421,1.002993,0.001000,-0.001000,-0.001000
2095.440000,209544,0.001000,-0.090000,9.812000,0.000102,-0.009177,1.000546,0.000000,-0.001000,-0.001000
2095.490000,209549,-0.005000,-0.107000,9.839000,-0.000510,-0.010911,1.003299,0.000000,-0.001000,-0.001000
2095.540000,209554,0.411000,7.506000,14.957000,0.041910,0.765399,1.525190,0.059000,-0.634000,0.447000
2095.590000,209559,0.237000,1.174000,9.315000,0.024167,0.119715,0.949866,-1.174000,-4.992000,1.243000
2095.640000,209564,1.885000,-0.681000,-1.422000,0.192217,-0.069443,-0.145004,0.076000,0.429000,-0.424000
2095.690000,209569,-0.174000,3.815000,12.756000,-0.017743,0.389022,1.300750,-0.758000,4.314000,-0.663000
2095.740000,209574,0.754000,2.218000,11.202000,0.076887,0.226173,1.142286,-1.002000,-0.679000,0.337000
2095.790000,209579,-0.249000,0.226000,5.402000,-0.025391,0.023046,0.550851,-0.754000,0.945000,0.071000
2095.840000,209584,0.127000,-0.153000,9.760000,0.012950,-0.015602,0.995243,-0.041000,0.007000,0.058000
2095.890000,209589,-0.023000,-0.113000,9.845000,-0.002345,-0.011523,1.003911,0.000000,-0.001000,-0.001000
2095.940000,209594,-0.034000,-0.092000,9.844000,-0.003467,-0.009381,1.003809,0.000000,-0.003000,-0.010000
2095.990000,209599,-0.061000,-0.093000,9.841000,-0.006220,-0.009483,1.003503,0.000000,-0.003000,0.013000
2096.040000,209604,-0.002000,-0.107000,9.844000,-0.000204,-0.010911,1.003809,0.001000,0.000000,-0.002000
2096.090000,209609,-0.034000,-0.107000,9.850000,-0.003467,-0.010911,1.004420,0.000000,-0.002000,-0.002000
2096.140000,209614,-0.016000,-0.105000,9.854000,-0.001632,-0.010707,1.004828,0.001000,-0.001000,-0.001000
2096.190000,209619,-0.004000,-0.099000,9.840000,-0.000408,-0.010095,1.003401,0.000000,0.000000,-0.002000
2096.240000,209624,-0.026000,-0.110000,9.851000,-0.002651,-0.011217,1.004522,0.000000,-0.003000,-0.002000
2096.290000,209629,-0.025000,-0.096000,9.848000,-0.002549,-0.009789,1.004217,0.000000,-0.001000,-0.002000
2096.340000,209634,-0.010000,-0.115000,9.850000,-0.001020,-0.011727,1.004420,0.000000,-0.001000,-0.001000
2096.390000,209639,-0.003000,-0.108000,9.829000,-0.000306,-0.011013,1.002279,0.000000,-0.001000,-0.002000
2096.440000,209644,-0.019000,-0.109000,9.838000,-0.001937,-0.011115,1.003197,0.000000,-0.002000,-0.001000
2096.490000,209649,-0.009000,-0.092000,9.838000,-0.000918,-0.009381,1.003197,0.001000,-0.002000,-0.001000
2096.540000,209654,-0.007000,-0.086000,9.859000,-0.000714,-0.008770,1.005338,0.000000,0.000000,-0.001000
2096.590000,209659,-0.008000,-0.115000,9.858000,-0.000816,-0.011727,1.005236,-0.001000,-0.001000,-0.001000
2096.640000,209664,0.000000,-0.121000,9.836000,0.000000,-0.012339,1.002993,0.000000,-0.002000,-0.002000
2096.690000,209669,-0.021000,-0.117000,9.830000,-0.002141,-0.011931,1.002381,0.000000,0.000000,-0.002000
2096.740000,209674,-0.011000,-0.111000,9.831000,-0.001122,-0.011319,1.002483,0.000000,-0.001000,-0.002000
2096.790000,209679,-0.013000,-0.085000,9.862000,-0.001326,-0.008668,1.005644,0.001000,-0.002000,0.003000
2096.840000,209684,-0.012000,-0.104000,9.859000,-0.001224,-0.010605,1.005338,0.000000,-0.002000,-0.001000
2096.890000,209689,-0.015000,-0.096000,9.859000,-0.001530,-0.009789,1.005338,0.000000,-0.001000,-0.001000
2096.940000,209694,-0.011000,-0.114000,9.842000,-0.001122,-0.011625,1.003605,0.000000,-0.002000,-0.001000
2096.990000,209699,-0.007000,-0.128000,9.861000,-0.000714,-0.013052,1.005542,0.000000,-0.001000,0.006000
2097.040000,209704,0.002000,-0.136000,9.864000,0.000204,-0.013868,1.005848,0.000000,0.000000,0.049000
2097.090000,209709,0.022000,-0.126000,9.850000,0.002243,-0.012848,1.004420,0.001000,-0.002000,0.045000
2097.140000,209714,0.001000,-0.119000,9.854000,0.000102,-0.012135,1.004828,0.000000,-0.001000,0.017000
2097.190000,209719,-0.007000,-0.120000,9.864000,-0.000714,-0.012237,1.005848,0.000000,-0.001000,-0.002000
2097.240000,209724,-0.007000,-0.116000,9.852000,-0.000714,-0.011829,1.004624,0.000000,-0.002000,-0.002000
2097.290000,209729,1.573000,0.653000,19.517000,0.160401,0.066587,1.990180,2.349000,-2.434000,0.170000
2097.340000,209734,0.490000,0.093000,2.575000,0.049966,0.009483,0.262577,0.156000,-3.510000,0.883000
2097.390000,209739,2.703000,0.771000,1.661000,0.275629,0.078620,0.169375,0.653000,0.613000,-0.584000
2097.440000,209744,-0.107000,1.817000,8.377000,-0.010911,0.185282,0.854216,-1.114000,4.150000,-0.286000
2097.490000,209749,0.940000,0.552000,18.452000,0.095853,0.056288,1.881580,0.403000,-0.417000,0.184000
2097.540000,209754,0.351000,0.630000,5.205000,0.035792,0.064242,0.530762,-0.062000,-0.494000,-0.108000
2097.590000,209759,1.242000,0.935000,11.977000,0.126649,0.095343,1.221314,-0.109000,0.415000,-0.011000
2097.640000,209764,0.815000,0.991000,8.993000,0.083107,0.101054,0.917031,-0.241000,-0.230000,0.049000
2097.690000,209769,0.972000,1.048000,10.251000,0.099116,0.106866,1.045311,-0.025000,0.130000,-0.049000
2097.740000,209774,0.769000,0.736000,9.218000,0.078416,0.075051,0.939974,0.008000,-0.017000,-0.031000
2097.790000,209779,0.924000,0.857000,10.081000,0.094222,0.087390,1.027976,-0.031000,0.125000,-0.033000
2097.920000,209792,0.768000,0.638000,9.758000,0.078314,0.065058,0.995039,0.060000,0.045000,-0.025000
2098.070000,209807,0.729000,0.772000,9.742000,0.074337,0.078722,0.993408,-0.016000,-0.021000,-0.008000
2098.170000,209817,0.751000,0.739000,9.788000,0.076581,0.075357,0.998098,-0.025000,-0.073000,0.002000
2098.320000,209832,0.721000,0.658000,9.819000,0.073522,0.067097,1.001259,-0.007000,0.038000,0.015000
2098.400000,209840,0.671000,0.559000,9.614000,0.068423,0.057002,0.980355,-0.033000,0.038000,0.016000
2098.550000,209855,0.690000,0.687000,9.750000,0.070360,0.070055,0.994223,-0.017000,0.032000,0.017000
2098.650000,209865,0.652000,0.600000,9.872000,0.066485,0.061183,1.006664,-0.016000,0.029000,0.002000
2092098.790000,209209879,0.620000,0.596000,9.768000,0.063222,0.060775,0.996059,0.016000,0.021000,-0.002000
2098.890000,209889,0.582000,0.689000,9.826000,0.059347,0.070258,1.001973,0.002000,0.002000,0.005000
2098.980000,209898,0.600000,0.715000,9.829000,0.061183,0.072910,1.002279,-0.022000,0.000000,0.005000
2092099.120000,209209912,0.631000,0.730000,9.779000,0.064344,0.074439,0.997180,-0.014000,-0.020000,0.000000
2099.220000,209922,0.624000,0.676000,9.821000,0.063630,0.068933,1.001463,0.008000,0.005000,-0.001000
2099.300000,209930,0.585000,0.673000,9.737000,0.059653,0.068627,0.992898,0.025000,-0.015000,-0.007000
2099352099.370000,209935209937,0.610000,0.683000,9.719000,0.062203,0.069647,0.991062,-0.001000,-0.001000,0.003000
2099.470000,209947,0.560000,0.712000,9.724000,0.057104,0.072604,0.991572,-0.019000,0.055000,-0.014000
2099.560000,209956,0.744000,0.479000,9.509000,0.075867,0.048844,0.969648,-0.092000,0.183000,-0.018000
2099.630000,209963,0.574000,-0.326000,9.105000,0.058532,-0.033243,0.928452,-0.096000,-2.750000,0.809000
2099.720000,209972,0.064000,-0.706000,10.198000,0.006526,-0.071992,1.039907,-0.407000,-0.006000,-0.119000
2099.810000,209981,-0.441000,-1.413000,9.456000,-0.044969,-0.144086,0.964244,-0.017000,-0.052000,0.481000
2099.960000,209996,-0.002000,-0.600000,9.791000,-0.000204,-0.061183,0.998404,0.010000,-0.001000,0.000000
2100.050000,210005,-0.020000,-0.562000,9.873000,-0.002039,-0.057308,1.006766,0.007000,0.000000,0.000000
2100.100000,210010,0.000000,-0.530000,9.842000,0.000000,-0.054045,1.003605,0.003000,0.000000,-0.001000
2100.150000,210015,-0.016000,-0.530000,9.823000,-0.001632,-0.054045,1.001667,0.001000,-0.002000,-0.001000
2100.230000,210023,0.003000,-0.563000,9.819000,0.000306,-0.057410,1.001259,-0.006000,-0.003000,-0.003000
2100.300000,210030,0.007000,-0.517000,9.847000,0.000714,-0.052719,1.004115,0.010000,-0.003000,-0.001000
2100.350000,210035,-0.016000,-0.525000,9.862000,-0.001632,-0.053535,1.005644,0.002000,-0.003000,0.000000
2100.400000,210040,-0.010000,-0.523000,9.845000,-0.001020,-0.053331,1.003911,0.002000,-0.002000,-0.001000
2100.490000,210049,0.007000,-0.513000,9.821000,0.000714,-0.052311,1.001463,-0.001000,-0.003000,-0.001000
2100.570000,210057,0.002000,-0.517000,9.849000,0.000204,-0.052719,1.004318,-0.007000,-0.001000,0.000000
2100.620000,210062,0.002000,-0.517000,9.853000,0.000204,-0.052719,1.004726,0.012000,-0.003000,-0.001000
2100.700000,210070,-0.014000,-0.492000,9.841000,-0.001428,-0.050170,1.003503,0.003000,-0.001000,0.000000
2100.790000,210079,0.001000,-0.507000,9.826000,0.000102,-0.051700,1.001973,-0.001000,-0.002000,-0.001000
2100.870000,210087,-0.013000,-0.477000,9.849000,-0.001326,-0.048640,1.004318,0.006000,-0.003000,-0.001000
2100.970000,210097,0.001000,-0.505000,9.859000,0.000102,-0.051496,1.005338,0.002000,-0.001000,-0.001000
2101.100000,210110,0.005000,-0.505000,9.818000,0.000510,-0.051496,1.001157,-0.004000,-0.002000,-0.002000
2101.190000,210119,0.004000,-0.520000,9.846000,0.000408,-0.053025,1.004013,0.006000,-0.001000,-0.002000
2101.280000,210128,0.002000,-0.509000,9.843000,0.000204,-0.051904,1.003707,0.000000,-0.001000,0.000000
2101.370000,210137,0.002000,-0.503000,9.851000,0.000204,-0.051292,1.004522,0.001000,-0.001000,-0.001000
2101.480000,210148,-0.007000,-0.488000,9.851000,-0.000714,-0.049762,1.004522,0.003000,-0.001000,-0.001000
2101.530000,210153,0.001000,-0.496000,9.831000,0.000102,-0.050578,1.002483,0.001000,-0.002000,-0.001000
2101.600000,210160,0.004000,-0.503000,9.836000,0.000408,-0.051292,1.002993,0.002000,-0.001000,0.000000
2101.670000,210167,-0.014000,-0.493000,9.836000,-0.001428,-0.050272,1.002993,0.002000,-0.001000,0.000000
2101.760000,210176,-0.008000,-0.499000,9.833000,-0.000816,-0.050884,1.002687,-0.001000,-0.002000,0.000000
2101.840000,210184,0.008000,-0.492000,9.817000,0.000816,-0.050170,1.001055,-0.017000,0.000000,-0.001000
2101.890000,210189,0.003000,-0.472000,9.839000,0.000306,-0.048131,1.003299,0.012000,-0.001000,0.000000
22101.990000,2210199,0.002000,-0.497000,9.869000,0.000204,-0.050680,1.006358,0.014000,0.000000,-0.001000
2102042102.070000,210204210207,-0.004000,-0.500000,9.857000,-0.000408,-0.050986,1.005134,0.008000,-0.002000,0.000000
2102.120000,210212,0.001000,-0.508000,9.819000,0.000102,-0.051802,1.001259,-0.003000,-0.002000,-0.001000
2102.250000,210225,-0.004000,-0.492000,9.845000,-0.000408,-0.050170,1.003911,-0.006000,-0.001000,-0.001000
2102.320000,210232,-0.001000,-0.508000,9.821000,-0.000102,-0.051802,1.001463,-0.002000,-0.001000,-0.001000
2102.420000,210242,-0.022000,-0.495000,9.841000,-0.002243,-0.050476,1.003503,-0.002000,-0.001000,-0.002000
212102.500000,21210250,-0.016000,-0.500000,9.850000,-0.001632,-0.050986,1.004420,-0.001000,-0.001000,-0.001000
2102.550000,210255,-0.002000,-0.495000,9.847000,-0.000204,-0.050476,1.004115,-0.001000,-0.002000,0.000000
2102.690000,210269,0.007000,-0.539000,9.818000,0.000714,-0.054963,1.001157,0.000000,-0.002000,-0.001000
2102.780000,210278,-0.004000,-0.472000,9.851000,-0.000408,-0.048131,1.004522,0.004000,-0.001000,0.000000
2102.870000,210287,0.007000,-0.489000,9.843000,0.000714,-0.049864,1.003707,0.002000,-0.003000,-0.002000
2102.920000,210292,-0.008000,-0.482000,9.836000,-0.000816,-0.049150,1.002993,0.001000,-0.001000,0.000000
2102.990000,210299,0.005000,-0.496000,9.812000,0.000510,-0.050578,1.000546,-0.004000,0.000000,-0.002000
2103.060000,210306,-0.009000,-0.505000,9.828000,-0.000918,-0.051496,1.002177,-0.002000,-0.001000,-0.001000
2103.140000,210314,-0.002000,-0.505000,9.819000,-0.000204,-0.051496,1.001259,-0.002000,-0.003000,-0.001000
2103.220000,210322,-0.005000,-0.492000,9.847000,-0.000510,-0.050170,1.004115,0.000000,-0.004000,0.000000
2103.300000,210330,0.009000,-0.487000,9.830000,0.000918,-0.049660,1.002381,0.006000,-0.002000,-0.001000
2103.350000,210335,-0.021000,-0.496000,9.842000,-0.002141,-0.050578,1.003605,0.001000,-0.003000,0.000000
2103.460000,210346,0.002000,-0.486000,9.834000,0.000204,-0.049558,1.002789,-0.011000,0.000000,-0.001000
2103.550000,210355,-0.005000,-0.494000,9.821000,-0.000510,-0.050374,1.001463,-0.001000,-0.001000,-0.002000
2103.630000,210363,-0.001000,-0.484000,9.839000,-0.000102,-0.049354,1.003299,0.004000,0.000000,-0.001000
2103.680000,210368,0.000000,-0.475000,9.840000,0.000000,-0.048437,1.003401,0.001000,0.000000,0.000000
2103.800000,210380,0.005000,-0.483000,9.842000,0.000510,-0.049252,1.003605,0.002000,-0.001000,0.000000
2103.850000,210385,-0.002000,-0.496000,9.845000,-0.000204,-0.050578,1.003911,0.000000,-0.001000,-0.001000
2103.920000,210392,0.000000,-0.484000,9.835000,0.000000,-0.049354,1.002891,0.001000,-0.002000,-0.002000
2104.050000,210405,-0.011000,-0.475000,9.849000,-0.001122,-0.048437,1.004318,0.001000,-0.001000,-0.002000
2104.140000,210414,0.001000,-0.491000,9.829000,0.000102,-0.050068,1.002279,0.000000,-0.003000,-0.001000
2104.220000,210422,0.000000,-0.489000,9.832000,0.000000,-0.049864,1.002585,0.000000,-0.002000,-0.001000
2104.300000,210430,-0.006000,-0.460000,9.818000,-0.000612,-0.046907,1.001157,-0.001000,-0.002000,0.000000
2104.380000,210438,0.002000,-0.489000,9.820000,0.000204,-0.049864,1.001361,0.001000,-0.001000,-0.002000
2104.480000,210448,0.010000,-0.488000,9.850000,0.001020,-0.049762,1.004420,0.000000,0.000000,-0.001000
2104.570000,210457,0.012000,-0.499000,9.831000,0.001224,-0.050884,1.002483,-0.014000,-0.001000,-0.002000
2104.670000,210467,0.001000,-0.489000,9.845000,0.000102,-0.049864,1.003911,0.000000,-0.002000,-0.001000
2104.750000,210475,-0.001000,-0.491000,9.815000,-0.000102,-0.050068,1.000851,0.001000,-0.002000,-0.002000
2104.830000,210483,-0.008000,-0.495000,9.841000,-0.000816,-0.050476,1.003503,0.002000,0.000000,-0.001000
2104.910000,210491,0.000000,-0.487000,9.833000,0.000000,-0.049660,1.002687,0.001000,-0.002000,-0.001000
2105.000000,210500,-0.008000,-0.499000,9.813000,-0.000816,-0.050884,1.000648,-0.001000,-0.001000,0.000000
2105.090000,210509,0.001000,-0.483000,9.795000,0.000102,-0.049252,0.998812,-0.002000,-0.001000,0.000000
2105.170000,210517,0.005000,-0.478000,9.868000,0.000510,-0.048742,1.006256,0.002000,-0.001000,-0.002000
2105.260000,210526,-0.004000,-0.477000,9.823000,-0.000408,-0.048640,1.001667,0.001000,-0.001000,-0.001000
2105.350000,210535,-0.001000,-0.502000,9.838000,-0.000102,-0.051190,1.003197,0.005000,-0.003000,-0.001000
2105.430000,210543,0.000000,-0.508000,9.856000,0.000000,-0.051802,1.005032,-0.002000,0.000000,-0.001000
2105.500000,210550,-0.013000,-0.466000,9.836000,-0.001326,-0.047519,1.002993,0.004000,-0.002000,-0.001000
2105.590000,210559,-0.006000,-0.481000,9.818000,-0.000612,-0.049048,1.001157,0.002000,-0.001000,-0.001000
2105.690000,210569,-0.017000,-0.496000,9.837000,-0.001734,-0.050578,1.003095,-0.003000,-0.001000,-0.001000
2105.760000,210576,-0.002000,-0.496000,9.835000,-0.000204,-0.050578,1.002891,0.000000,-0.002000,-0.001000
2105.830000,210583,-0.006000,-0.463000,9.848000,-0.000612,-0.047213,1.004217,0.001000,-0.001000,-0.001000
2105.910000,210591,-0.004000,-0.503000,9.815000,-0.000408,-0.051292,1.000851,-0.002000,-0.001000,0.000000
2105.990000,210599,0.013000,-0.495000,9.838000,0.001326,-0.050476,1.003197,-0.005000,-0.001000,0.000000
2106.070000,210607,-0.025000,-0.489000,9.856000,-0.002549,-0.049864,1.005032,0.003000,-0.002000,0.000000
2106.170000,210617,-0.003000,-0.465000,9.838000,-0.000306,-0.047417,1.003197,0.003000,-0.001000,0.000000
2106.240000,210624,-0.011000,-0.485000,9.853000,-0.001122,-0.049456,1.004726,0.003000,0.000000,-0.001000
2106.330000,210633,0.006000,-0.512000,9.823000,0.000612,-0.052209,1.001667,-0.002000,-0.001000,-0.001000
2106.420000,210642,-0.015000,-0.480000,9.852000,-0.001530,-0.048946,1.004624,0.001000,-0.001000,-0.001000
2106.500000,210650,-0.004000,-0.484000,9.835000,-0.000408,-0.049354,1.002891,0.000000,-0.002000,-0.001000
2106.570000,210657,-0.023000,-0.481000,9.818000,-0.002345,-0.049048,1.001157,0.000000,-0.002000,-0.002000
2106.660000,210666,-0.019000,-0.462000,9.842000,-0.001937,-0.047111,1.003605,-0.001000,-0.002000,-0.001000
2106.750000,210675,-0.002000,-0.485000,9.834000,-0.000204,-0.049456,1.002789,0.000000,-0.001000,0.000000
2106.840000,210684,-0.011000,-0.471000,9.866000,-0.001122,-0.048029,1.006052,0.006000,-0.003000,-0.001000
2106.930000,210693,-0.004000,-0.475000,9.856000,-0.000408,-0.048437,1.005032,0.000000,0.000000,-0.001000
2107.010000,210701,-0.013000,-0.465000,9.847000,-0.001326,-0.047417,1.004115,0.000000,0.000000,0.000000
2107.100000,210710,-0.007000,-0.474000,9.829000,-0.000714,-0.048335,1.002279,0.002000,-0.003000,-0.001000
2107.210000,210721,-0.007000,-0.517000,9.817000,-0.000714,-0.052719,1.001055,-0.015000,-0.002000,-0.002000
2107.290000,210729,0.000000,-0.455000,9.875000,0.000000,-0.046397,1.006970,0.005000,-0.002000,-0.001000
2107.380000,210738,-0.013000,-0.500000,9.847000,-0.001326,-0.050986,1.004115,-0.007000,-0.002000,-0.001000
2107.450000,210745,-0.005000,-0.486000,9.828000,-0.000510,-0.049558,1.002177,-0.005000,-0.002000,-0.001000
2107.600000,210760,0.007000,-0.484000,9.841000,0.000714,-0.049354,1.003503,0.002000,-0.002000,-0.001000
2107.680000,210768,-0.022000,-0.484000,9.837000,-0.002243,-0.049354,1.003095,0.000000,-0.001000,-0.001000
2107.760000,210776,-0.010000,-0.474000,9.826000,-0.001020,-0.048335,1.001973,0.000000,-0.001000,-0.001000
2107.860000,210786,0.000000,-0.501000,9.849000,0.000000,-0.051088,1.004318,0.000000,-0.001000,-0.001000
2107.950000,210795,-0.007000,-0.477000,9.853000,-0.000714,-0.048640,1.004726,0.003000,-0.001000,0.000000
2108.100000,210810,0.002000,-0.472000,9.856000,0.000204,-0.048131,1.005032,-0.001000,-0.002000,0.000000
2108.180000,210818,0.000000,-0.483000,9.847000,0.000000,-0.049252,1.004115,0.002000,0.000000,0.000000
2108.230000,210823,-0.006000,-0.490000,9.838000,-0.000612,-0.049966,1.003197,0.002000,-0.002000,-0.001000
2108.360000,210836,-0.001000,-0.426000,9.866000,-0.000102,-0.043440,1.006052,0.024000,0.000000,-0.002000
2108.440000,210844,-0.016000,-0.486000,9.844000,-0.001632,-0.049558,1.003809,-0.009000,0.000000,0.000000
2108.530000,210853,0.001000,-0.481000,9.797000,0.000102,-0.049048,0.999016,0.001000,-0.001000,0.000000
2108.610000,210861,-0.002000,-0.500000,9.776000,-0.000204,-0.050986,0.996875,-0.015000,-0.001000,0.000000
2108.710000,210871,-0.007000,-0.472000,9.873000,-0.000714,-0.048131,1.006766,0.008000,0.000000,-0.002000
2108.790000,210879,-0.011000,-0.472000,9.845000,-0.001122,-0.048131,1.003911,0.007000,-0.001000,0.000000
2108.880000,210888,-0.007000,-0.483000,9.814000,-0.000714,-0.049252,1.000749,-0.008000,-0.002000,-0.001000
2108.960000,210896,-0.010000,-0.496000,9.873000,-0.001020,-0.050578,1.006766,-0.013000,-0.002000,-0.001000
2109.040000,210904,-0.007000,-0.443000,9.900000,-0.000714,-0.045173,1.009519,0.012000,0.000000,-0.001000
2109.120000,210912,-0.014000,-0.486000,9.830000,-0.001428,-0.049558,1.002381,-0.001000,-0.001000,-0.001000
2109.210000,210921,-0.001000,-0.524000,9.855000,-0.000102,-0.053433,1.004930,0.005000,-0.002000,0.000000
2109.300000,210930,0.005000,-0.468000,9.828000,0.000510,-0.047723,1.002177,-0.005000,-0.001000,-0.002000
2109.380000,210938,-0.001000,-0.454000,9.782000,-0.000102,-0.046295,0.997486,0.001000,0.000000,-0.002000
2109.470000,210947,-0.006000,-0.465000,9.842000,-0.000612,-0.047417,1.003605,0.004000,0.000000,-0.001000
2109.560000,210956,-0.003000,-0.487000,9.845000,-0.000306,-0.049660,1.003911,-0.005000,0.000000,-0.002000
2109.640000,210964,-0.002000,-0.465000,9.854000,-0.000204,-0.047417,1.004828,0.000000,-0.001000,0.000000
2109.720000,210972,-0.007000,-0.441000,9.879000,-0.000714,-0.044969,1.007378,0.007000,-0.001000,0.000000
2109.810000,210981,-0.007000,-0.471000,9.827000,-0.000714,-0.048029,1.002075,-0.003000,-0.001000,-0.001000
2109.860000,210986,-0.026000,-0.483000,9.831000,-0.002651,-0.049252,1.002483,0.001000,-0.001000,-0.001000
2109.930000,210993,-0.013000,-0.471000,9.845000,-0.001326,-0.048029,1.003911,0.000000,-0.002000,-0.001000
2110.000000,211000,-0.010000,-0.478000,9.818000,-0.001020,-0.048742,1.001157,-0.002000,-0.003000,-0.001000
2110.070000,211007,-0.008000,-0.482000,9.829000,-0.000816,-0.049150,1.002279,-0.001000,-0.002000,0.000000
2110.160000,211016,-0.012000,-0.480000,9.828000,-0.001224,-0.048946,1.002177,0.001000,-0.002000,-0.001000
2110.240000,211024,-0.001000,-0.462000,9.832000,-0.000102,-0.047111,1.002585,0.001000,-0.001000,-0.001000
2110.350000,211035,-0.011000,-0.452000,9.828000,-0.001122,-0.046091,1.002177,0.000000,-0.001000,-0.001000
2110.420000,211042,-0.002000,-0.495000,9.832000,-0.000204,-0.050476,1.002585,-0.008000,0.000000,-0.001000
2110.500000,211050,0.003000,-0.466000,9.833000,0.000306,-0.047519,1.002687,0.003000,-0.001000,0.000000
2110.610000,211061,-0.001000,-0.476000,9.848000,-0.000102,-0.048538,1.004217,0.002000,-0.001000,-0.002000
2110.680000,211068,0.000000,-0.471000,9.809000,0.000000,-0.048029,1.000240,-0.014000,0.000000,-0.001000
2110.760000,211076,-0.005000,-0.478000,9.815000,-0.000510,-0.048742,1.000851,0.013000,0.000000,-0.001000
2110.840000,211084,-0.004000,-0.501000,9.841000,-0.000408,-0.051088,1.003503,0.004000,-0.005000,-0.002000
2110.930000,211093,-0.007000,-0.448000,9.863000,-0.000714,-0.045683,1.005746,0.006000,-0.002000,-0.001000
2111.010000,211101,-0.005000,-0.455000,9.863000,-0.000510,-0.046397,1.005746,0.004000,-0.001000,-0.001000
2111.090000,211109,-0.002000,-0.478000,9.830000,-0.000204,-0.048742,1.002381,0.001000,0.000000,-0.001000
2111.180000,211118,0.003000,-0.477000,9.823000,0.000306,-0.048640,1.001667,-0.004000,-0.001000,-0.002000
2111.260000,211126,-0.005000,-0.462000,9.869000,-0.000510,-0.047111,1.006358,0.005000,0.000000,-0.002000
2111.310000,211131,0.000000,-0.493000,9.842000,0.000000,-0.050272,1.003605,-0.001000,-0.003000,-0.001000
2111.430000,211143,-0.002000,-0.450000,9.844000,-0.000204,-0.045887,1.003809,0.002000,-0.001000,-0.002000
2111.480000,211148,-0.019000,-0.465000,9.847000,-0.001937,-0.047417,1.004115,-0.001000,-0.001000,-0.002000
2111.600000,211160,0.000000,-0.476000,9.816000,0.000000,-0.048538,1.000953,-0.014000,-0.002000,-0.002000
2111.700000,211170,0.002000,-0.495000,9.832000,0.000204,-0.050476,1.002585,-0.002000,-0.002000,0.000000
2111.780000,211178,0.007000,-0.474000,9.832000,0.000714,-0.048335,1.002585,0.000000,0.000000,-0.001000
2111.850000,211185,-0.009000,-0.480000,9.788000,-0.000918,-0.048946,0.998098,-0.013000,0.000000,0.000000
212111.920000,21211192,-0.006000,-0.471000,9.848000,-0.000612,-0.048029,1.004217,0.006000,0.000000,-0.002000
2112.020000,211202,-0.002000,-0.500000,9.839000,-0.000204,-0.050986,1.003299,0.002000,-0.003000,0.000000
2112.110000,211211,0.000000,-0.469000,9.853000,0.000000,-0.047825,1.004726,0.006000,0.000000,-0.001000
2112.190000,211219,-0.014000,-0.489000,9.829000,-0.001428,-0.049864,1.002279,-0.012000,-0.001000,-0.002000
2112.270000,211227,-0.007000,-0.469000,9.857000,-0.000714,-0.047825,1.005134,0.002000,-0.003000,0.000000
2112.320000,211232,-0.011000,-0.459000,9.847000,-0.001122,-0.046805,1.004115,0.004000,0.000000,-0.001000
22112.420000,2211242,0.003000,-0.474000,9.834000,0.000306,-0.048335,1.002789,0.003000,-0.001000,0.000000
2112.520000,211252,0.005000,-0.463000,9.835000,0.000510,-0.047213,1.002891,0.003000,-0.001000,-0.001000
2112.570000,211257,-0.011000,-0.467000,9.841000,-0.001122,-0.047621,1.003503,0.000000,-0.002000,-0.001000
22112.670000,2211267,-0.012000,-0.487000,9.827000,-0.001224,-0.049660,1.002075,-0.001000,-0.001000,-0.001000
2112.770000,211277,0.000000,-0.459000,9.806000,0.000000,-0.046805,0.999934,0.001000,0.000000,0.000000
2112.850000,211285,0.007000,-0.471000,9.821000,0.000714,-0.048029,1.001463,-0.008000,-0.001000,-0.001000
2112.940000,211294,-0.004000,-0.468000,9.812000,-0.000408,-0.047723,1.000546,-0.007000,-0.002000,0.000000
2113.020000,211302,-0.008000,-0.474000,9.817000,-0.000816,-0.048335,1.001055,0.021000,-0.002000,0.000000
2113.110000,211311,0.000000,-0.484000,9.803000,0.000000,-0.049354,0.999628,-0.015000,-0.002000,-0.001000
2113.190000,211319,0.000000,-0.457000,9.817000,0.000000,-0.046601,1.001055,-0.002000,0.000000,0.000000
2113.270000,211327,-0.005000,-0.444000,9.839000,-0.000510,-0.045275,1.003299,0.009000,-0.001000,-0.002000
2113.350000,211335,-0.008000,-0.488000,9.870000,-0.000816,-0.049762,1.006460,-0.004000,-0.001000,-0.001000
2113.450000,211345,-0.007000,-0.460000,9.860000,-0.000714,-0.046907,1.005440,0.002000,-0.002000,0.000000
2113.530000,211353,-0.013000,-0.469000,9.839000,-0.001326,-0.047825,1.003299,0.000000,-0.001000,-0.001000
2113.580000,211358,-0.001000,-0.468000,9.821000,-0.000102,-0.047723,1.001463,-0.001000,-0.002000,-0.001000
2113.650000,211365,-0.006000,-0.471000,9.838000,-0.000612,-0.048029,1.003197,0.002000,-0.002000,0.000000
2113.710000,211371,-0.005000,-0.439000,9.903000,-0.000510,-0.044766,1.009825,-0.002000,-0.001000,-0.001000
2113.790000,211379,-0.011000,-0.489000,9.802000,-0.001122,-0.049864,0.999526,-0.011000,-0.006000,-0.002000
2113.890000,211389,0.010000,-0.441000,9.838000,0.001020,-0.044969,1.003197,-0.004000,-0.001000,-0.001000
2113.990000,211399,-0.009000,-0.480000,9.815000,-0.000918,-0.048946,1.000851,0.000000,-0.001000,-0.001000
2114.060000,211406,-0.013000,-0.467000,9.833000,-0.001326,-0.047621,1.002687,0.000000,-0.001000,-0.001000
2114.140000,211414,-0.015000,-0.470000,9.853000,-0.001530,-0.047927,1.004726,0.002000,-0.001000,-0.001000
2114.240000,211424,0.000000,-0.478000,9.817000,0.000000,-0.048742,1.001055,0.006000,-0.002000,0.000000
2114332114.360000,211433211436,0.014000,-0.469000,9.812000,0.001428,-0.047825,1.000546,-0.003000,-0.001000,-0.001000
2114.410000,211441,-0.017000,-0.452000,9.839000,-0.001734,-0.046091,1.003299,-0.002000,0.000000,0.000000
2114.500000,211450,-0.011000,-0.503000,9.824000,-0.001122,-0.051292,1.001769,-0.013000,-0.001000,-0.001000
2114582114.610000,211458211461,0.000000,-0.439000,9.932000,0.000000,-0.044766,1.012782,0.019000,-0.003000,-0.001000
2114.660000,211466,0.004000,-0.457000,9.836000,0.000408,-0.046601,1.002993,0.011000,0.000000,-0.001000
2114.710000,211471,-0.005000,-0.492000,9.811000,-0.000510,-0.050170,1.000444,0.002000,-0.002000,-0.002000
2114.770000,211477,-0.001000,-0.438000,9.847000,-0.000102,-0.044664,1.004115,0.002000,-0.001000,0.000000
2114.840000,211484,0.001000,-0.471000,9.812000,0.000102,-0.048029,1.000546,-0.003000,-0.001000,0.000000
2114.890000,211489,0.004000,-0.471000,9.860000,0.000408,-0.048029,1.005440,0.000000,-0.001000,-0.001000
2114.960000,211496,-0.007000,-0.481000,9.794000,-0.000714,-0.049048,0.998710,-0.004000,-0.004000,-0.001000
2115.010000,211501,0.001000,-0.442000,9.826000,0.000102,-0.045071,1.001973,-0.003000,-0.001000,-0.001000
2115.060000,211506,-0.013000,-0.462000,9.846000,-0.001326,-0.047111,1.004013,-0.001000,-0.002000,-0.001000
2115.110000,211511,0.000000,-0.429000,9.937000,0.000000,-0.043746,1.013292,0.006000,0.000000,-0.001000
2115.160000,211516,0.012000,-0.492000,9.814000,0.001224,-0.050170,1.000749,-0.006000,-0.002000,-0.001000
2115.210000,211521,-0.007000,-0.478000,9.814000,-0.000714,-0.048742,1.000749,-0.006000,-0.002000,-0.002000
2115.260000,211526,0.010000,-0.447000,9.875000,0.001020,-0.045581,1.006970,0.002000,0.000000,-0.002000
2115.310000,211531,0.000000,-0.438000,9.863000,0.000000,-0.044664,1.005746,0.010000,-0.001000,-0.002000
2115.360000,211536,-0.017000,-0.450000,9.785000,-0.001734,-0.045887,0.997792,-0.003000,-0.002000,0.000000
2115.410000,211541,0.004000,-0.461000,9.847000,0.000408,-0.047009,1.004115,0.013000,-0.002000,-0.001000
2115.460000,211546,0.000000,-0.454000,9.862000,0.000000,-0.046295,1.005644,0.007000,-0.001000,-0.001000
2115.540000,211554,-0.008000,-0.464000,9.844000,-0.000816,-0.047315,1.003809,0.003000,-0.001000,-0.001000
2115.610000,211561,0.011000,-0.482000,9.836000,0.001122,-0.049150,1.002993,0.000000,-0.001000,-0.001000
2115.690000,211569,0.016000,-0.454000,9.841000,0.001632,-0.046295,1.003503,0.001000,-0.001000,-0.001000
2115.740000,211574,-0.005000,-0.469000,9.829000,-0.000510,-0.047825,1.002279,-0.001000,-0.001000,-0.001000
2115.790000,211579,-0.010000,-0.456000,9.884000,-0.001020,-0.046499,1.007888,0.012000,-0.003000,0.000000
2115.870000,211587,-0.005000,-0.456000,9.859000,-0.000510,-0.046499,1.005338,0.012000,-0.002000,-0.001000
2115.920000,211592,0.013000,-0.465000,9.841000,0.001326,-0.047417,1.003503,0.011000,-0.002000,-0.001000
2115.970000,211597,-0.008000,-0.475000,9.843000,-0.000816,-0.048437,1.003707,0.002000,-0.001000,-0.001000
2116.020000,211602,0.010000,-0.490000,9.822000,0.001020,-0.049966,1.001565,-0.011000,-0.002000,-0.002000
2116.090000,211609,-0.008000,-0.486000,9.818000,-0.000816,-0.049558,1.001157,-0.019000,0.000000,0.000000
2116.160000,211616,-0.012000,-0.465000,9.823000,-0.001224,-0.047417,1.001667,0.001000,0.000000,0.000000
2116.230000,211623,-0.010000,-0.486000,9.769000,-0.001020,-0.049558,0.996161,-0.017000,-0.001000,-0.001000
2116.300000,211630,0.003000,-0.459000,9.835000,0.000306,-0.046805,1.002891,-0.001000,-0.003000,-0.001000
2116.380000,211638,-0.002000,-0.483000,9.796000,-0.000204,-0.049252,0.998914,-0.013000,0.000000,-0.001000
2116.430000,211643,-0.002000,-0.453000,9.825000,-0.000204,-0.046193,1.001871,-0.003000,-0.001000,-0.001000
2116.500000,211650,-0.005000,-0.480000,9.833000,-0.000510,-0.048946,1.002687,-0.007000,-0.003000,-0.002000
2116.550000,211655,-0.001000,-0.469000,9.841000,-0.000102,-0.047825,1.003503,0.008000,-0.001000,0.000000
2116.620000,211662,0.004000,-0.452000,9.832000,0.000408,-0.046091,1.002585,-0.002000,0.000000,-0.002000
2116.720000,211672,-0.019000,-0.468000,9.822000,-0.001937,-0.047723,1.001565,-0.004000,-0.001000,-0.002000
2116.800000,211680,-0.006000,-0.447000,9.840000,-0.000612,-0.045581,1.003401,0.009000,-0.003000,-0.001000
2116.880000,211688,0.000000,-0.480000,9.887000,0.000000,-0.048946,1.008193,0.011000,-0.002000,0.000000
22116.970000,2211697,-0.003000,-0.466000,9.862000,-0.000306,-0.047519,1.005644,0.012000,-0.001000,0.000000
2117.050000,211705,0.010000,-0.466000,9.829000,0.001020,-0.047519,1.002279,0.000000,-0.001000,-0.001000
2117.130000,211713,-0.011000,-0.456000,9.881000,-0.001122,-0.046499,1.007582,0.025000,0.000000,-0.001000
2117.220000,211722,0.000000,-0.459000,9.834000,0.000000,-0.046805,1.002789,-0.001000,-0.002000,-0.001000
2117.290000,211729,0.000000,-0.465000,9.853000,0.000000,-0.047417,1.004726,0.002000,-0.002000,-0.001000
2117.340000,211734,0.000000,-0.465000,9.859000,0.000000,-0.047417,1.005338,0.004000,-0.002000,0.000000
2117.390000,211739,0.001000,-0.467000,9.868000,0.000102,-0.047621,1.006256,0.005000,0.000000,-0.002000
2117.450000,211745,-0.012000,-0.413000,9.872000,-0.001224,-0.042114,1.006664,0.009000,-0.002000,-0.002000
2117.530000,211753,-0.010000,-0.475000,9.838000,-0.001020,-0.048437,1.003197,-0.009000,-0.001000,0.000000
2117.580000,211758,-0.001000,-0.487000,9.812000,-0.000102,-0.049660,1.000546,-0.008000,-0.001000,0.000000
2117.680000,211768,-0.005000,-0.440000,9.873000,-0.000510,-0.044868,1.006766,0.008000,-0.002000,0.000000
2117.750000,211775,0.000000,-0.476000,9.820000,0.000000,-0.048538,1.001361,-0.002000,-0.001000,-0.002000
2117.830000,211783,-0.003000,-0.460000,9.837000,-0.000306,-0.046907,1.003095,0.001000,-0.001000,-0.001000
2117.880000,211788,-0.004000,-0.452000,9.833000,-0.000408,-0.046091,1.002687,0.006000,0.000000,-0.001000
2117.930000,211793,-0.002000,-0.471000,9.820000,-0.000204,-0.048029,1.001361,0.003000,-0.001000,-0.001000
2117.980000,211798,0.013000,-0.474000,9.844000,0.001326,-0.048335,1.003809,0.000000,-0.001000,-0.001000
2118.030000,211803,0.010000,-0.468000,9.786000,0.001020,-0.047723,0.997894,-0.005000,-0.006000,-0.001000
2118.080000,211808,-0.008000,-0.457000,9.816000,-0.000816,-0.046601,1.000953,-0.007000,0.000000,0.000000
2118.130000,211813,0.019000,-0.483000,9.844000,0.001937,-0.049252,1.003809,-0.009000,-0.001000,0.000000
2118.180000,211818,-0.001000,-0.463000,9.847000,-0.000102,-0.047213,1.004115,-0.003000,0.000000,-0.001000
2118.250000,211825,0.009000,-0.477000,9.830000,0.000918,-0.048640,1.002381,-0.005000,-0.001000,-0.002000
2118.320000,211832,-0.014000,-0.480000,9.836000,-0.001428,-0.048946,1.002993,-0.001000,-0.002000,0.000000
2118.370000,211837,-0.007000,-0.469000,9.852000,-0.000714,-0.047825,1.004624,0.000000,-0.002000,-0.001000
2118.420000,211842,-0.015000,-0.457000,9.831000,-0.001530,-0.046601,1.002483,0.002000,-0.001000,-0.001000
2118.470000,211847,0.013000,-0.457000,9.830000,0.001326,-0.046601,1.002381,0.002000,-0.002000,-0.001000
2118.520000,211852,-0.019000,-0.491000,9.809000,-0.001937,-0.050068,1.000240,-0.002000,-0.006000,0.000000
2118.570000,211857,-0.004000,-0.441000,9.891000,-0.000408,-0.044969,1.008601,0.016000,0.000000,0.000000
2118.630000,211863,-0.011000,-0.471000,9.838000,-0.001122,-0.048029,1.003197,0.005000,-0.002000,-0.001000
2118.680000,211868,-0.013000,-0.443000,9.806000,-0.001326,-0.045173,0.999934,-0.002000,-0.002000,0.000000
2118.730000,211873,0.005000,-0.474000,9.774000,0.000510,-0.048335,0.996671,-0.002000,-0.003000,-0.001000
2118.780000,211878,-0.007000,-0.445000,9.881000,-0.000714,-0.045377,1.007582,0.014000,0.000000,-0.001000
2118.830000,211883,-0.011000,-0.471000,9.836000,-0.001122,-0.048029,1.002993,-0.005000,-0.002000,0.000000
2118.880000,211888,0.007000,-0.480000,9.839000,0.000714,-0.048946,1.003299,-0.005000,-0.001000,-0.001000
2118.930000,211893,-0.002000,-0.471000,9.793000,-0.000204,-0.048029,0.998608,0.001000,0.000000,0.000000
2118.980000,211898,0.001000,-0.474000,9.814000,0.000102,-0.048335,1.000749,-0.009000,0.000000,-0.001000
2119.050000,211905,-0.013000,-0.423000,9.855000,-0.001326,-0.043134,1.004930,0.012000,-0.002000,-0.001000
212119.130000,21211913,-0.016000,-0.474000,9.859000,-0.001632,-0.048335,1.005338,0.000000,-0.002000,-0.002000
2119.180000,211918,0.009000,-0.474000,9.831000,0.000918,-0.048335,1.002483,-0.007000,-0.002000,-0.001000
2119.230000,211923,0.007000,-0.466000,9.836000,0.000714,-0.047519,1.002993,-0.006000,0.000000,-0.002000
2119.300000,211930,0.000000,-0.442000,9.829000,0.000000,-0.045071,1.002279,-0.003000,-0.001000,0.000000
2119.350000,211935,0.016000,-0.459000,9.857000,0.001632,-0.046805,1.005134,0.000000,-0.002000,0.000000
2119.400000,211940,-0.001000,-0.473000,9.866000,-0.000102,-0.048233,1.006052,0.004000,-0.003000,-0.001000
2119.480000,211948,-0.008000,-0.465000,9.834000,-0.000816,-0.047417,1.002789,0.001000,-0.001000,-0.001000
2119.540000,211954,-0.003000,-0.448000,9.854000,-0.000306,-0.045683,1.004828,0.005000,-0.002000,0.000000
2119.600000,211960,-0.005000,-0.408000,9.866000,-0.000510,-0.041604,1.006052,0.015000,-0.001000,-0.001000
2119.670000,211967,0.000000,-0.477000,9.826000,0.000000,-0.048640,1.001973,-0.003000,-0.001000,-0.002000
2119.770000,211977,0.002000,-0.437000,9.885000,0.000204,-0.044562,1.007989,0.015000,0.000000,-0.001000
2119.850000,211985,0.000000,-0.450000,9.817000,0.000000,-0.045887,1.001055,-0.003000,0.000000,0.000000
2119.900000,211990,0.005000,-0.454000,9.852000,0.000510,-0.046295,1.004624,-0.001000,-0.002000,-0.001000
2119.950000,211995,0.003000,-0.460000,9.843000,0.000306,-0.046907,1.003707,0.003000,0.000000,-0.001000
2120.020000,212002,0.009000,-0.469000,9.841000,0.000918,-0.047825,1.003503,0.002000,-0.001000,0.000000
2120.090000,212009,0.005000,-0.450000,9.832000,0.000510,-0.045887,1.002585,0.000000,-0.001000,-0.001000
2120.170000,212017,-0.003000,-0.463000,9.858000,-0.000306,-0.047213,1.005236,0.001000,-0.002000,0.000000
2120.250000,212025,-0.002000,-0.470000,9.818000,-0.000204,-0.047927,1.001157,-0.002000,-0.001000,-0.001000
2120.350000,212035,0.006000,-0.500000,9.863000,0.000612,-0.050986,1.005746,-0.001000,-0.002000,-0.001000
2120.430000,212043,0.006000,-0.460000,9.820000,0.000612,-0.046907,1.001361,0.003000,-0.001000,0.000000
2120.500000,212050,0.007000,-0.452000,9.867000,0.000714,-0.046091,1.006154,0.014000,-0.001000,-0.001000
2120.620000,212062,-0.007000,-0.467000,9.860000,-0.000714,-0.047621,1.005440,0.005000,-0.001000,-0.001000
2120.680000,212068,0.002000,-0.461000,9.846000,0.000204,-0.047009,1.004013,0.005000,-0.001000,-0.001000
2120.740000,212074,0.001000,-0.442000,9.863000,0.000102,-0.045071,1.005746,0.001000,0.000000,-0.001000
2120.810000,212081,-0.004000,-0.463000,9.845000,-0.000408,-0.047213,1.003911,-0.004000,-0.001000,-0.001000
2120.860000,212086,-0.001000,-0.454000,9.845000,-0.000102,-0.046295,1.003911,0.000000,-0.001000,-0.002000
22120.920000,2212092,-0.004000,-0.463000,9.835000,-0.000408,-0.047213,1.002891,-0.001000,-0.001000,0.000000
2121.000000,212100,-0.010000,-0.474000,9.812000,-0.001020,-0.048335,1.000546,-0.010000,-0.001000,-0.001000
2121.050000,212105,-0.016000,-0.466000,9.843000,-0.001632,-0.047519,1.003707,0.001000,-0.001000,-0.002000
2121.130000,212113,0.005000,-0.421000,9.890000,0.000510,-0.042930,1.008499,0.026000,-0.001000,-0.001000
2121.190000,212119,-0.022000,-0.445000,9.874000,-0.002243,-0.045377,1.006868,0.006000,-0.001000,-0.001000
2121.260000,212126,-0.006000,-0.426000,9.797000,-0.000612,-0.043440,0.999016,-0.006000,-0.002000,0.000000
2121.370000,212137,-0.003000,-0.469000,9.847000,-0.000306,-0.047825,1.004115,-0.010000,-0.002000,-0.001000
2121.430000,212143,-0.007000,-0.461000,9.832000,-0.000714,-0.047009,1.002585,-0.004000,-0.003000,-0.001000
2121.510000,212151,0.003000,-0.465000,9.835000,0.000306,-0.047417,1.002891,0.000000,-0.001000,-0.001000
2121.560000,212156,-0.010000,-0.471000,9.833000,-0.001020,-0.048029,1.002687,0.001000,-0.001000,-0.001000
2121.610000,212161,0.005000,-0.448000,9.839000,0.000510,-0.045683,1.003299,-0.002000,-0.003000,0.000000
2121.660000,212166,-0.010000,-0.466000,9.775000,-0.001020,-0.047519,0.996773,-0.006000,-0.007000,-0.001000
2121.760000,212176,0.005000,-0.428000,9.878000,0.000510,-0.043644,1.007276,0.009000,-0.001000,-0.001000
2121.830000,212183,-0.002000,-0.463000,9.833000,-0.000204,-0.047213,1.002687,0.000000,0.000000,-0.001000
2121.890000,212189,0.008000,-0.455000,9.849000,0.000816,-0.046397,1.004318,0.000000,-0.002000,-0.001000
2121.960000,212196,0.002000,-0.495000,9.771000,0.000204,-0.050476,0.996365,-0.003000,-0.001000,-0.001000
2122.010000,212201,-0.008000,-0.451000,9.845000,-0.000816,-0.045989,1.003911,0.010000,-0.002000,0.000000
2122.060000,212206,0.007000,-0.461000,9.829000,0.000714,-0.047009,1.002279,0.003000,-0.002000,-0.001000
2122.110000,212211,0.005000,-0.455000,9.862000,0.000510,-0.046397,1.005644,0.000000,-0.001000,0.000000
2122.160000,212216,0.001000,-0.428000,9.862000,0.000102,-0.043644,1.005644,0.002000,-0.001000,0.000000
2122.210000,212221,0.007000,-0.462000,9.833000,0.000714,-0.047111,1.002687,-0.005000,-0.001000,0.000000
2122.260000,212226,0.004000,-0.498000,9.786000,0.000408,-0.050782,0.997894,-0.002000,-0.002000,-0.001000
2122.310000,212231,-0.009000,-0.433000,9.926000,-0.000918,-0.044154,1.012170,0.029000,0.000000,-0.001000
2122.360000,212236,0.012000,-0.497000,9.852000,0.001224,-0.050680,1.004624,0.001000,-0.002000,-0.002000
2122.410000,212241,0.000000,-0.427000,9.945000,0.000000,-0.043542,1.014108,0.023000,-0.002000,-0.002000
2122.480000,212248,0.005000,-0.489000,9.852000,0.000510,-0.049864,1.004624,0.010000,0.000000,-0.001000
2122.560000,212256,0.006000,-0.462000,9.837000,0.000612,-0.047111,1.003095,0.000000,-0.001000,-0.001000
2122.630000,212263,0.000000,-0.474000,9.833000,0.000000,-0.048335,1.002687,-0.001000,-0.002000,-0.001000
2122.700000,212270,-0.003000,-0.466000,9.835000,-0.000306,-0.047519,1.002891,0.003000,-0.001000,-0.001000
2122.750000,212275,-0.006000,-0.454000,9.838000,-0.000612,-0.046295,1.003197,0.002000,-0.001000,-0.001000
2122.820000,212282,-0.005000,-0.465000,9.843000,-0.000510,-0.047417,1.003707,0.002000,-0.001000,0.000000
2122.870000,212287,-0.002000,-0.466000,9.847000,-0.000204,-0.047519,1.004115,0.004000,-0.001000,-0.001000
2122.920000,212292,-0.016000,-0.498000,9.736000,-0.001632,-0.050782,0.992796,-0.039000,-0.001000,-0.001000
2122.970000,212297,-0.004000,-0.474000,9.825000,-0.000408,-0.048335,1.001871,-0.015000,-0.002000,0.000000
2123.020000,212302,0.008000,-0.462000,9.841000,0.000816,-0.047111,1.003503,0.000000,-0.003000,0.000000
2123.070000,212307,-0.014000,-0.453000,9.802000,-0.001428,-0.046193,0.999526,-0.006000,-0.001000,-0.001000
2123.120000,212312,-0.002000,-0.432000,9.788000,-0.000204,-0.044052,0.998098,0.003000,-0.001000,-0.002000
2123.180000,212318,0.004000,-0.463000,9.864000,0.000408,-0.047213,1.005848,-0.002000,-0.001000,-0.002000
2123.260000,212326,-0.012000,-0.457000,9.879000,-0.001224,-0.046601,1.007378,0.005000,-0.001000,-0.001000
2123.320000,212332,0.000000,-0.477000,9.797000,0.000000,-0.048640,0.999016,-0.005000,-0.005000,-0.001000
2123.390000,212339,-0.003000,-0.441000,9.865000,-0.000306,-0.044969,1.005950,0.000000,-0.002000,-0.002000
2123.440000,212344,0.009000,-0.510000,9.831000,0.000918,-0.052006,1.002483,-0.003000,-0.005000,-0.002000
2123.510000,212351,0.013000,-0.456000,9.844000,0.001326,-0.046499,1.003809,-0.001000,-0.003000,0.000000
2123.580000,212358,-0.014000,-0.460000,9.838000,-0.001428,-0.046907,1.003197,0.000000,-0.001000,-0.001000
2123.640000,212364,-0.001000,-0.463000,9.836000,-0.000102,-0.047213,1.002993,0.000000,-0.001000,0.000000
2123.710000,212371,0.005000,-0.469000,9.818000,0.000510,-0.047825,1.001157,-0.002000,-0.001000,-0.002000
2123.830000,212383,0.005000,-0.468000,9.839000,0.000510,-0.047723,1.003299,0.002000,-0.001000,0.000000
2123.910000,212391,-0.007000,-0.454000,9.818000,-0.000714,-0.046295,1.001157,0.017000,-0.001000,-0.001000
2123.970000,212397,0.008000,-0.470000,9.842000,0.000816,-0.047927,1.003605,-0.007000,-0.001000,0.000000
2124.030000,212403,-0.005000,-0.453000,9.877000,-0.000510,-0.046193,1.007174,0.004000,-0.001000,0.000000
2124.100000,212410,-0.004000,-0.465000,9.836000,-0.000408,-0.047417,1.002993,0.000000,0.000000,-0.001000
2124.170000,212417,0.007000,-0.457000,9.841000,0.000714,-0.046601,1.003503,0.000000,-0.001000,0.000000
2124.220000,212422,0.007000,-0.470000,9.850000,0.000714,-0.047927,1.004420,0.002000,-0.001000,-0.001000
2124.290000,212429,-0.005000,-0.457000,9.846000,-0.000510,-0.046601,1.004013,0.002000,-0.001000,-0.001000
2124.360000,212436,0.014000,-0.466000,9.841000,0.001428,-0.047519,1.003503,0.003000,-0.001000,-0.001000
2124.440000,212444,0.000000,-0.459000,9.851000,0.000000,-0.046805,1.004522,0.002000,0.000000,-0.001000
2124.490000,212449,0.001000,-0.454000,9.834000,0.000102,-0.046295,1.002789,0.002000,-0.001000,0.000000
2124.600000,212460,0.008000,-0.453000,9.818000,0.000816,-0.046193,1.001157,0.001000,-0.001000,0.000000
2124.670000,212467,0.003000,-0.466000,9.846000,0.000306,-0.047519,1.004013,0.000000,-0.002000,0.000000
2124.740000,212474,-0.017000,-0.460000,9.851000,-0.001734,-0.046907,1.004522,0.002000,-0.001000,-0.001000
2124.810000,212481,0.004000,-0.454000,9.848000,0.000408,-0.046295,1.004217,0.001000,0.000000,-0.001000
2124.880000,212488,0.001000,-0.476000,9.798000,0.000102,-0.048538,0.999118,0.004000,-0.001000,-0.002000
2124.950000,212495,0.002000,-0.463000,9.844000,0.000204,-0.047213,1.003809,0.002000,-0.003000,0.000000
2125.000000,212500,-0.008000,-0.466000,9.815000,-0.000816,-0.047519,1.000851,0.000000,-0.003000,-0.001000
2125.070000,212507,0.000000,-0.451000,9.845000,0.000000,-0.045989,1.003911,0.001000,-0.001000,-0.001000
2125.120000,212512,0.002000,-0.457000,9.838000,0.000204,-0.046601,1.003197,-0.002000,-0.002000,-0.001000
2125.200000,212520,0.004000,-0.474000,9.832000,0.000408,-0.048335,1.002585,0.000000,-0.001000,-0.001000
2125.250000,212525,0.000000,-0.457000,9.848000,0.000000,-0.046601,1.004217,0.001000,-0.001000,-0.001000
2125.300000,212530,-0.004000,-0.466000,9.812000,-0.000408,-0.047519,1.000546,0.000000,-0.002000,0.000000
2125.360000,212536,0.014000,-0.448000,9.839000,0.001428,-0.045683,1.003299,0.002000,-0.003000,-0.001000
2125.430000,212543,0.004000,-0.458000,9.839000,0.000408,-0.046703,1.003299,0.000000,-0.002000,-0.002000
2125.480000,212548,0.009000,-0.458000,9.838000,0.000918,-0.046703,1.003197,0.002000,-0.002000,0.000000
2125.530000,212553,-0.004000,-0.454000,9.841000,-0.000408,-0.046295,1.003503,0.005000,-0.001000,-0.001000
2125.580000,212558,0.008000,-0.466000,9.827000,0.000816,-0.047519,1.002075,-0.001000,-0.001000,0.000000
2125.630000,212563,-0.001000,-0.453000,9.830000,-0.000102,-0.046193,1.002381,0.001000,-0.001000,0.000000
2125.680000,212568,0.001000,-0.459000,9.840000,0.000102,-0.046805,1.003401,0.000000,-0.001000,0.000000
2125.750000,212575,0.006000,-0.468000,9.843000,0.000612,-0.047723,1.003707,0.000000,-0.001000,0.000000
2125.800000,212580,-0.004000,-0.477000,9.819000,-0.000408,-0.048640,1.001259,0.002000,-0.002000,-0.001000
2125.870000,212587,-0.007000,-0.465000,9.847000,-0.000714,-0.047417,1.004115,0.000000,-0.002000,0.000000
2125.920000,212592,-0.005000,-0.457000,9.840000,-0.000510,-0.046601,1.003401,-0.001000,0.000000,0.000000
2125.970000,212597,0.009000,-0.462000,9.832000,0.000918,-0.047111,1.002585,-0.002000,-0.001000,-0.001000
2126.020000,212602,-0.001000,-0.464000,9.842000,-0.000102,-0.047315,1.003605,0.001000,-0.002000,0.000000
2126.070000,212607,-0.002000,-0.462000,9.840000,-0.000204,-0.047111,1.003401,-0.001000,-0.002000,0.000000
2126.120000,212612,-0.008000,-0.452000,9.833000,-0.000816,-0.046091,1.002687,0.000000,-0.001000,0.000000
2126.190000,212619,0.004000,-0.471000,9.836000,0.000408,-0.048029,1.002993,0.001000,-0.002000,-0.001000
2126.240000,212624,-0.002000,-0.476000,9.845000,-0.000204,-0.048538,1.003911,0.000000,0.000000,0.000000
2126.290000,212629,-0.007000,-0.463000,9.819000,-0.000714,-0.047213,1.001259,-0.001000,-0.002000,-0.001000
2126.340000,212634,-0.003000,-0.454000,9.840000,-0.000306,-0.046295,1.003401,0.003000,-0.002000,0.000000
2126.390000,212639,-0.002000,-0.474000,9.825000,-0.000204,-0.048335,1.001871,-0.003000,-0.002000,-0.001000
2126.440000,212644,0.014000,-0.474000,9.828000,0.001428,-0.048335,1.002177,0.002000,-0.002000,-0.001000
2126.490000,212649,0.011000,-0.473000,9.833000,0.001122,-0.048233,1.002687,0.000000,-0.002000,0.000000
2126.560000,212656,-0.002000,-0.459000,9.829000,-0.000204,-0.046805,1.002279,-0.001000,-0.001000,-0.001000
2126.610000,212661,0.007000,-0.465000,9.839000,0.000714,-0.047417,1.003299,0.000000,-0.001000,-0.001000
2126.680000,212668,-0.008000,-0.447000,9.842000,-0.000816,-0.045581,1.003605,0.002000,-0.002000,-0.001000
2126.730000,212673,0.003000,-0.459000,9.848000,0.000306,-0.046805,1.004217,0.001000,-0.001000,-0.001000
2126.800000,212680,-0.001000,-0.448000,9.824000,-0.000102,-0.045683,1.001769,-0.001000,-0.001000,-0.001000
2126.870000,212687,0.000000,-0.467000,9.827000,0.000000,-0.047621,1.002075,0.000000,-0.001000,0.000000
2126.940000,212694,-0.002000,-0.454000,9.841000,-0.000204,-0.046295,1.003503,-0.001000,-0.002000,0.000000
2126.990000,212699,0.002000,-0.457000,9.834000,0.000204,-0.046601,1.002789,0.000000,-0.002000,-0.002000
2127.050000,212705,-0.004000,-0.467000,9.834000,-0.000408,-0.047621,1.002789,-0.001000,-0.002000,-0.001000
2127.120000,212712,-0.005000,-0.455000,9.827000,-0.000510,-0.046397,1.002075,0.000000,-0.002000,0.000000
2127.240000,212724,-0.001000,-0.453000,9.848000,-0.000102,-0.046193,1.004217,0.000000,-0.003000,0.000000
2127.300000,212730,0.007000,-0.453000,9.840000,0.000714,-0.046193,1.003401,0.000000,-0.002000,-0.001000
2127.350000,212735,0.000000,-0.441000,9.836000,0.000000,-0.044969,1.002993,0.002000,-0.001000,-0.001000
2127.430000,212743,-0.007000,-0.457000,9.853000,-0.000714,-0.046601,1.004726,0.001000,-0.001000,-0.001000
2127.480000,212748,0.001000,-0.462000,9.824000,0.000102,-0.047111,1.001769,-0.001000,-0.002000,-0.001000
2127.560000,212756,-0.001000,-0.459000,9.853000,-0.000102,-0.046805,1.004726,0.002000,-0.001000,0.000000
2127.640000,212764,0.001000,-0.462000,9.839000,0.000102,-0.047111,1.003299,0.000000,-0.001000,-0.001000
2127.740000,212774,0.005000,-0.454000,9.860000,0.000510,-0.046295,1.005440,0.002000,0.000000,-0.001000
2127.810000,212781,-0.004000,-0.459000,9.856000,-0.000408,-0.046805,1.005032,0.001000,-0.002000,-0.001000
2127.860000,212786,-0.001000,-0.450000,9.833000,-0.000102,-0.045887,1.002687,-0.001000,-0.001000,-0.001000
2127.930000,212793,-0.010000,-0.465000,9.842000,-0.001020,-0.047417,1.003605,0.002000,-0.001000,-0.001000
2128.000000,212800,-0.011000,-0.472000,9.854000,-0.001122,-0.048131,1.004828,0.000000,-0.002000,-0.001000
2128.080000,212808,0.000000,-0.450000,9.849000,0.000000,-0.045887,1.004318,0.003000,0.000000,-0.001000
2128.160000,212816,-0.005000,-0.466000,9.845000,-0.000510,-0.047519,1.003911,0.001000,-0.001000,-0.001000
2128.250000,212825,-0.011000,-0.450000,9.838000,-0.001122,-0.045887,1.003197,0.000000,-0.001000,0.000000
2128.320000,212832,-0.002000,-0.462000,9.820000,-0.000204,-0.047111,1.001361,-0.001000,-0.001000,-0.001000
2128.400000,212840,0.005000,-0.464000,9.839000,0.000510,-0.047315,1.003299,-0.001000,-0.002000,-0.002000
2128.450000,212845,-0.006000,-0.442000,9.859000,-0.000612,-0.045071,1.005338,0.000000,-0.002000,-0.001000
2128.510000,212851,-0.001000,-0.452000,9.836000,-0.000102,-0.046091,1.002993,0.002000,-0.002000,0.000000
2128.580000,212858,0.002000,-0.462000,9.866000,0.000204,-0.047111,1.006052,0.002000,-0.002000,-0.001000
2128.630000,212863,-0.016000,-0.464000,9.822000,-0.001632,-0.047315,1.001565,-0.001000,-0.001000,-0.001000
2128.700000,212870,-0.010000,-0.465000,9.842000,-0.001020,-0.047417,1.003605,0.000000,-0.002000,0.000000
2128.770000,212877,-0.012000,-0.454000,9.827000,-0.001224,-0.046295,1.002075,-0.001000,-0.002000,0.000000
2128.860000,212886,-0.004000,-0.458000,9.848000,-0.000408,-0.046703,1.004217,0.001000,-0.002000,-0.001000
2128.910000,212891,0.002000,-0.456000,9.831000,0.000204,-0.046499,1.002483,0.000000,-0.002000,-0.001000
2128.960000,212896,0.000000,-0.457000,9.839000,0.000000,-0.046601,1.003299,0.000000,-0.002000,-0.001000
2129.010000,212901,-0.002000,-0.450000,9.832000,-0.000204,-0.045887,1.002585,0.000000,-0.001000,-0.002000
2129.090000,212909,-0.009000,-0.472000,9.825000,-0.000918,-0.048131,1.001871,-0.001000,-0.002000,-0.001000
2129.170000,212917,-0.001000,-0.453000,9.847000,-0.000102,-0.046193,1.004115,0.002000,-0.002000,-0.001000
2129.220000,212922,0.001000,-0.462000,9.841000,0.000102,-0.047111,1.003503,0.000000,0.000000,-0.002000
2129.270000,212927,0.000000,-0.466000,9.852000,0.000000,-0.047519,1.004624,0.001000,-0.002000,0.000000
2129.320000,212932,0.005000,-0.461000,9.852000,0.000510,-0.047009,1.004624,0.000000,-0.002000,-0.001000
2129.370000,212937,0.005000,-0.451000,9.814000,0.000510,-0.045989,1.000749,0.000000,-0.002000,0.000000
2129.420000,212942,-0.008000,-0.452000,9.833000,-0.000816,-0.046091,1.002687,0.000000,-0.001000,-0.002000
2129.470000,212947,0.001000,-0.448000,9.830000,0.000102,-0.045683,1.002381,0.000000,-0.002000,-0.001000
2129.540000,212954,0.000000,-0.456000,9.824000,0.000000,-0.046499,1.001769,0.000000,-0.002000,-0.001000
2129.610000,212961,-0.005000,-0.458000,9.821000,-0.000510,-0.046703,1.001463,0.000000,-0.002000,0.000000
2129.670000,212967,-0.005000,-0.456000,9.834000,-0.000510,-0.046499,1.002789,0.000000,-0.002000,-0.001000
2129.740000,212974,0.013000,-0.460000,9.845000,0.001326,-0.046907,1.003911,0.001000,-0.001000,-0.002000
2129.790000,212979,-0.003000,-0.467000,9.836000,-0.000306,-0.047621,1.002993,0.001000,-0.002000,-0.001000
2129.840000,212984,-0.008000,-0.463000,9.834000,-0.000816,-0.047213,1.002789,0.000000,-0.002000,-0.001000
2129.890000,212989,-0.010000,-0.462000,9.839000,-0.001020,-0.047111,1.003299,0.000000,-0.001000,0.000000
2129.940000,212994,-0.004000,-0.474000,9.821000,-0.000408,-0.048335,1.001463,0.001000,-0.001000,0.000000
2129.990000,212999,0.002000,-0.452000,9.820000,0.000204,-0.046091,1.001361,0.000000,-0.001000,-0.001000
2130.040000,213004,-0.007000,-0.448000,9.818000,-0.000714,-0.045683,1.001157,0.000000,-0.002000,0.000000
2130.090000,213009,0.005000,-0.460000,9.839000,0.000510,-0.046907,1.003299,0.002000,-0.001000,-0.001000
2130.140000,213014,0.000000,-0.457000,9.844000,0.000000,-0.046601,1.003809,0.002000,0.000000,0.000000
2130.210000,213021,-0.010000,-0.454000,9.848000,-0.001020,-0.046295,1.004217,0.000000,-0.001000,0.000000
2130.260000,213026,0.000000,-0.469000,9.836000,0.000000,-0.047825,1.002993,0.000000,-0.002000,-0.001000
2130.310000,213031,-0.012000,-0.461000,9.845000,-0.001224,-0.047009,1.003911,0.001000,-0.001000,-0.001000
2130.360000,213036,-0.005000,-0.463000,9.842000,-0.000510,-0.047213,1.003605,0.000000,-0.001000,-0.001000
2130.410000,213041,-0.004000,-0.444000,9.830000,-0.000408,-0.045275,1.002381,0.001000,-0.001000,0.000000
2130.460000,213046,-0.002000,-0.472000,9.818000,-0.000204,-0.048131,1.001157,0.000000,-0.001000,-0.001000
2130.530000,213053,-0.014000,-0.447000,9.857000,-0.001428,-0.045581,1.005134,0.000000,-0.001000,-0.001000
2130.610000,213061,0.003000,-0.465000,9.824000,0.000306,-0.047417,1.001769,0.000000,-0.001000,-0.001000
2130.660000,213066,-0.007000,-0.468000,9.841000,-0.000714,-0.047723,1.003503,0.000000,-0.001000,-0.002000
2130.710000,213071,-0.017000,-0.462000,9.835000,-0.001734,-0.047111,1.002891,0.000000,-0.001000,-0.001000
2130.780000,213078,0.016000,-0.463000,9.846000,0.001632,-0.047213,1.004013,0.002000,-0.001000,-0.001000
2130.890000,213089,-0.007000,-0.469000,9.835000,-0.000714,-0.047825,1.002891,-0.001000,-0.001000,-0.001000
2130.950000,213095,-0.010000,-0.459000,9.823000,-0.001020,-0.046805,1.001667,0.002000,-0.002000,-0.001000
2131.030000,213103,0.002000,-0.469000,9.851000,0.000204,-0.047825,1.004522,0.000000,-0.002000,-0.001000
2131.090000,213109,0.027000,-0.463000,9.856000,0.002753,-0.047213,1.005032,-0.001000,-0.002000,-0.001000
2131.170000,213117,-0.009000,-0.459000,9.841000,-0.000918,-0.046805,1.003503,0.002000,-0.002000,-0.001000
2131.220000,213122,-0.007000,-0.454000,9.827000,-0.000714,-0.046295,1.002075,-0.003000,-0.002000,-0.002000
2131.270000,213127,-0.005000,-0.414000,9.978000,-0.000510,-0.042216,1.017473,0.045000,0.001000,-0.001000
2131.340000,213134,-0.021000,-0.461000,9.808000,-0.002141,-0.047009,1.000138,-0.006000,-0.002000,-0.003000
2131.400000,213140,-0.017000,-0.464000,9.860000,-0.001734,-0.047315,1.005440,-0.002000,-0.001000,-0.002000
2131.490000,213149,-0.013000,-0.440000,9.863000,-0.001326,-0.044868,1.005746,0.001000,-0.001000,-0.001000
2131.630000,213163,0.002000,-0.443000,9.844000,0.000204,-0.045173,1.003809,0.003000,-0.001000,-0.001000
2131.740000,213174,-0.003000,-0.467000,9.841000,-0.000306,-0.047621,1.003503,0.001000,-0.001000,0.000000
2131.810000,213181,-0.010000,-0.466000,9.839000,-0.001020,-0.047519,1.003299,0.000000,-0.001000,-0.001000
2131.880000,213188,-0.002000,-0.448000,9.852000,-0.000204,-0.045683,1.004624,0.000000,-0.001000,-0.001000
2131.950000,213195,0.001000,-0.460000,9.831000,0.000102,-0.046907,1.002483,0.000000,-0.001000,-0.002000
2132.030000,213203,-0.014000,-0.466000,9.836000,-0.001428,-0.047519,1.002993,0.000000,-0.001000,-0.001000
2132.130000,213213,-0.010000,-0.450000,9.846000,-0.001020,-0.045887,1.004013,0.000000,-0.001000,0.000000
2132.200000,213220,0.005000,-0.449000,9.845000,0.000510,-0.045785,1.003911,0.002000,0.000000,-0.001000
2132.290000,213229,-0.003000,-0.457000,9.856000,-0.000306,-0.046601,1.005032,0.001000,-0.003000,-0.001000
2132.340000,213234,-0.025000,-0.462000,9.844000,-0.002549,-0.047111,1.003809,0.001000,-0.003000,0.000000
2132.390000,213239,-0.005000,-0.457000,9.813000,-0.000510,-0.046601,1.000648,0.000000,-0.001000,-0.001000
2132.450000,213245,0.005000,-0.461000,9.859000,0.000510,-0.047009,1.005338,-0.002000,0.000000,0.000000
2132.530000,213253,-0.002000,-0.452000,9.852000,-0.000204,-0.046091,1.004624,0.000000,-0.003000,-0.001000
2132.600000,213260,-0.005000,-0.451000,9.851000,-0.000510,-0.045989,1.004522,0.001000,0.000000,-0.001000
2132.650000,213265,0.002000,-0.468000,9.836000,0.000204,-0.047723,1.002993,-0.001000,0.000000,-0.002000
2132.700000,213270,0.000000,-0.460000,9.851000,0.000000,-0.046907,1.004522,0.002000,-0.002000,-0.001000
2132.750000,213275,0.005000,-0.441000,9.851000,0.000510,-0.044969,1.004522,0.002000,-0.002000,-0.001000
2132.800000,213280,-0.016000,-0.445000,9.824000,-0.001632,-0.045377,1.001769,0.000000,-0.003000,-0.001000
2132.880000,213288,-0.007000,-0.459000,9.814000,-0.000714,-0.046805,1.000749,-0.005000,-0.001000,-0.001000
2132.930000,213293,-0.007000,-0.448000,9.838000,-0.000714,-0.045683,1.003197,0.003000,0.000000,0.000000
2133.030000,213303,-0.001000,-0.466000,9.853000,-0.000102,-0.047519,1.004726,0.003000,-0.001000,-0.002000
2132133.090000,213213309,0.001000,-0.461000,9.829000,0.000102,-0.047009,1.002279,0.002000,-0.003000,-0.001000
2133.140000,213314,-0.010000,-0.453000,9.842000,-0.001020,-0.046193,1.003605,-0.001000,-0.002000,0.000000
2133.190000,213319,0.012000,-0.461000,9.821000,0.001224,-0.047009,1.001463,0.000000,-0.001000,0.000000
2133.240000,213324,-0.002000,-0.450000,9.853000,-0.000204,-0.045887,1.004726,0.002000,0.000000,0.000000
2133.290000,213329,0.005000,-0.451000,9.845000,0.000510,-0.045989,1.003911,0.000000,-0.001000,0.000000
2133.340000,213334,-0.011000,-0.463000,9.832000,-0.001122,-0.047213,1.002585,0.000000,-0.002000,-0.001000
2133.390000,213339,-0.001000,-0.461000,9.836000,-0.000102,-0.047009,1.002993,0.000000,-0.001000,-0.001000
2133.440000,213344,0.007000,-0.462000,9.814000,0.000714,-0.047111,1.000749,-0.001000,0.000000,-0.002000
2133.490000,213349,0.005000,-0.469000,9.840000,0.000510,-0.047825,1.003401,0.000000,-0.001000,-0.001000
2133.540000,213354,-0.013000,-0.456000,9.832000,-0.001326,-0.046499,1.002585,-0.001000,-0.001000,-0.001000
2133.590000,213359,-0.011000,-0.451000,9.845000,-0.001122,-0.045989,1.003911,0.000000,0.000000,-0.001000
2133.640000,213364,-0.012000,-0.450000,9.850000,-0.001224,-0.045887,1.004420,0.004000,-0.001000,0.000000
2133.690000,213369,-0.005000,-0.460000,9.824000,-0.000510,-0.046907,1.001769,0.001000,-0.001000,0.000000
2133.740000,213374,0.001000,-0.442000,9.862000,0.000102,-0.045071,1.005644,0.003000,-0.001000,0.000000
2133.790000,213379,-0.026000,-0.465000,9.832000,-0.002651,-0.047417,1.002585,0.000000,-0.001000,-0.001000
2133.840000,213384,0.002000,-0.448000,9.839000,0.000204,-0.045683,1.003299,0.003000,0.001000,-0.001000
2133.890000,213389,-0.019000,-0.462000,9.819000,-0.001937,-0.047111,1.001259,0.003000,-0.001000,0.000000
2133.940000,213394,0.000000,-0.416000,9.972000,0.000000,-0.042420,1.016861,0.043000,-0.004000,0.000000
2133.990000,213399,-0.003000,-0.489000,9.806000,-0.000306,-0.049864,0.999934,-0.010000,-0.003000,-0.002000
2134.040000,213404,-0.004000,-0.496000,9.833000,-0.000408,-0.050578,1.002687,-0.009000,-0.003000,0.000000
2134.090000,213409,-0.004000,-0.464000,9.836000,-0.000408,-0.047315,1.002993,0.001000,-0.002000,-0.001000
2134.140000,213414,-0.007000,-0.474000,9.842000,-0.000714,-0.048335,1.003605,0.000000,-0.001000,-0.001000
2134.210000,213421,0.001000,-0.463000,9.851000,0.000102,-0.047213,1.004522,0.007000,-0.002000,0.000000
2134.340000,213434,-0.017000,-0.456000,9.841000,-0.001734,-0.046499,1.003503,0.001000,-0.001000,0.000000
2134.430000,213443,0.001000,-0.459000,9.820000,0.000102,-0.046805,1.001361,-0.001000,-0.001000,-0.002000
2134.480000,213448,0.005000,-0.443000,9.845000,0.000510,-0.045173,1.003911,0.001000,-0.001000,-0.001000
2134.530000,213453,0.001000,-0.441000,9.835000,0.000102,-0.044969,1.002891,-0.001000,-0.001000,0.000000
2134.600000,213460,-0.010000,-0.433000,9.812000,-0.001020,-0.044154,1.000546,-0.001000,-0.001000,-0.001000
2134.650000,213465,0.013000,-0.443000,9.860000,0.001326,-0.045173,1.005440,0.012000,0.000000,0.000000
2134.730000,213473,-0.008000,-0.468000,9.851000,-0.000816,-0.047723,1.004522,0.000000,-0.001000,-0.002000
2134.820000,213482,-0.009000,-0.462000,9.822000,-0.000918,-0.047111,1.001565,0.000000,-0.002000,-0.001000
2134.890000,213489,0.001000,-0.447000,9.856000,0.000102,-0.045581,1.005032,0.001000,-0.001000,0.000000
2134.970000,213497,-0.004000,-0.462000,9.851000,-0.000408,-0.047111,1.004522,0.000000,-0.001000,-0.001000
2135.060000,213506,0.012000,-0.477000,9.812000,0.001224,-0.048640,1.000546,0.000000,-0.002000,-0.001000
2135.160000,213516,-0.001000,-0.459000,9.841000,-0.000102,-0.046805,1.003503,-0.003000,-0.002000,0.000000
2135252135.270000,213525213527,0.004000,-0.464000,9.839000,0.000408,-0.047315,1.003299,0.003000,-0.001000,-0.001000
2135.360000,213536,0.000000,-0.464000,9.854000,0.000000,-0.047315,1.004828,0.005000,-0.003000,-0.001000
2135.450000,213545,0.003000,-0.471000,9.848000,0.000306,-0.048029,1.004217,0.002000,-0.003000,-0.001000
2135.570000,213557,0.006000,-0.477000,9.844000,0.000612,-0.048640,1.003809,0.000000,-0.001000,-0.001000
2135.650000,213565,0.005000,-0.439000,9.837000,0.000510,-0.044766,1.003095,0.000000,-0.002000,-0.001000
213572135.790000,21357213579,-0.007000,-0.462000,9.843000,-0.000714,-0.047111,1.003707,0.002000,-0.002000,-0.001000
2135.880000,213588,-0.003000,-0.454000,9.849000,-0.000306,-0.046295,1.004318,0.001000,0.001000,-0.002000
2135.970000,213597,0.013000,-0.454000,9.862000,0.001326,-0.046295,1.005644,0.003000,-0.002000,0.000000
2136.070000,213607,0.002000,-0.437000,0.835000,0.000204,-0.044562,0.085146,0.005000,-0.002000,-0.001000
2136.190000,213619,0.011000,-0.447000,9.849000,0.001122,-0.045581,1.004318,0.001000,0.000000,-0.002000
2136.270000,213627,-0.001000,-0.429000,9.830000,-0.000102,-0.043746,1.002381,0.013000,-0.001000,-0.002000
2136.350000,213635,0.007000,-0.460000,9.860000,0.000714,-0.046907,1.005440,0.002000,-0.001000,-0.001000
2136.400000,213640,0.011000,-0.456000,9.845000,0.001122,-0.046499,1.003911,0.001000,-0.001000,-0.001000
2136.450000,213645,0.003000,-0.458000,9.847000,0.000306,-0.046703,1.004115,0.003000,0.000000,0.000000
2136.520000,213652,-0.004000,-0.453000,9.851000,-0.000408,-0.046193,1.004522,-0.005000,-0.001000,-0.001000
2136.610000,213661,-0.004000,-0.460000,9.837000,-0.000408,-0.046907,1.003095,0.000000,-0.001000,-0.002000
2136.690000,213669,0.001000,-0.461000,9.853000,0.000102,-0.047009,1.004726,0.000000,-0.001000,0.000000
2136.760000,213676,0.010000,-0.452000,9.876000,0.001020,-0.046091,1.007072,0.006000,-0.002000,0.000000
2136.820000,213682,-0.005000,-0.493000,9.848000,-0.000510,-0.050272,1.004217,-0.005000,-0.003000,0.000000
2136.870000,213687,-0.002000,-0.449000,9.841000,-0.000204,-0.045785,1.003503,-0.001000,-0.001000,0.000000
2136.950000,213695,0.002000,-0.480000,9.827000,0.000204,-0.048946,1.002075,-0.003000,0.000000,-0.001000
2137.030000,213703,0.029000,-0.445000,9.814000,0.002957,-0.045377,1.000749,-0.001000,-0.002000,-0.002000
2137.130000,213713,0.004000,-0.447000,9.829000,0.000408,-0.045581,1.002279,-0.006000,0.000000,-0.001000
2137.180000,213718,-0.003000,-0.475000,9.836000,-0.000306,-0.048437,1.002993,0.000000,-0.002000,-0.002000
2137.230000,213723,-0.005000,-0.450000,9.848000,-0.000510,-0.045887,1.004217,0.000000,-0.001000,-0.001000
2132137.340000,213213734,0.005000,-0.447000,9.822000,0.000510,-0.045581,1.001565,-0.003000,0.000000,0.000000
2137.390000,213739,-0.004000,-0.455000,9.839000,-0.000408,-0.046397,1.003299,0.001000,-0.001000,-0.002000
2137.440000,213744,0.005000,-0.463000,9.873000,0.000510,-0.047213,1.006766,0.002000,-0.003000,-0.001000
2137.490000,213749,-0.001000,-0.449000,9.825000,-0.000102,-0.045785,1.001871,-0.004000,0.000000,0.000000
2137.540000,213754,0.008000,-0.449000,9.844000,0.000816,-0.045785,1.003809,0.004000,-0.001000,0.000000
2137.610000,213761,0.006000,-0.453000,9.823000,0.000612,-0.046193,1.001667,0.000000,-0.002000,0.000000
2137.660000,213766,-0.002000,-0.441000,9.818000,-0.000204,-0.044969,1.001157,-0.008000,0.000000,-0.001000
2137.750000,213775,0.000000,-0.487000,9.783000,0.000000,-0.049660,0.997588,-0.007000,-0.002000,0.000000
2137.820000,213782,-0.001000,-0.466000,9.825000,-0.000102,-0.047519,1.001871,-0.004000,0.000000,-0.002000
2137.870000,213787,0.000000,-0.464000,9.809000,0.000000,-0.047315,1.000240,-0.010000,-0.002000,-0.002000
2137.950000,213795,0.003000,-0.476000,9.835000,0.000306,-0.048538,1.002891,0.002000,-0.001000,-0.002000
2138002138.010000,213800213801,0.005000,-0.462000,9.859000,0.000510,-0.047111,1.005338,0.006000,-0.001000,-0.001000
2138.060000,213806,0.010000,-0.453000,9.850000,0.001020,-0.046193,1.004420,0.000000,-0.002000,0.000000
2138.110000,213811,-0.013000,-0.466000,9.825000,-0.001326,-0.047519,1.001871,-0.002000,-0.001000,-0.001000
2138.160000,213816,0.002000,-0.439000,9.827000,0.000204,-0.044766,1.002075,0.001000,-0.001000,-0.002000
2138.240000,213824,0.001000,-0.456000,9.818000,0.000102,-0.046499,1.001157,0.001000,-0.002000,0.000000
2138.290000,213829,-0.001000,-0.459000,9.842000,-0.000102,-0.046805,1.003605,0.001000,-0.003000,0.000000
2138.370000,213837,0.001000,-0.450000,9.836000,0.000102,-0.045887,1.002993,-0.001000,-0.002000,-0.001000
2138.450000,213845,-0.011000,-0.468000,9.844000,-0.001122,-0.047723,1.003809,-0.002000,-0.001000,0.000000
2138.500000,213850,-0.002000,-0.441000,9.841000,-0.000204,-0.044969,1.003503,0.000000,-0.001000,-0.001000
2138.580000,213858,-0.012000,-0.450000,9.830000,-0.001224,-0.045887,1.002381,0.001000,-0.001000,-0.001000
2138.670000,213867,-0.001000,-0.455000,9.829000,-0.000102,-0.046397,1.002279,0.000000,-0.001000,-0.001000
2138.730000,213873,0.010000,-0.461000,9.834000,0.001020,-0.047009,1.002789,0.000000,-0.001000,-0.001000
2138.960000,213896,0.001000,-0.448000,9.850000,0.000102,-0.045683,1.004420,0.003000,-0.002000,0.000000
2139.080000,213908,0.002000,-0.442000,9.832000,0.000204,-0.045071,1.002585,0.001000,0.000000,-0.002000
2139.270000,213927,0.003000,-0.459000,9.836000,0.000306,-0.046805,1.002993,0.000000,-0.001000,-0.001000
2139.370000,213937,0.012000,-0.438000,9.879000,0.001224,-0.044664,1.007378,0.001000,-0.001000,-0.001000
2139.480000,213948,0.001000,-0.447000,9.825000,0.000102,-0.045581,1.001871,-0.002000,-0.003000,-0.001000
2139.610000,213961,0.013000,-0.459000,9.852000,0.001326,-0.046805,1.004624,-0.002000,-0.001000,-0.001000
2139.720000,213972,0.004000,-0.474000,9.845000,0.000408,-0.048335,1.003911,0.001000,-0.001000,-0.002000
2139.830000,213983,0.005000,-0.457000,9.851000,0.000510,-0.046601,1.004522,-0.005000,-0.002000,0.000000
2139.940000,213994,0.007000,-0.461000,9.813000,0.000714,-0.047009,1.000648,0.001000,-0.003000,-0.001000
2140.070000,214007,-0.007000,-0.451000,9.833000,-0.000714,-0.045989,1.002687,-0.007000,-0.002000,-0.001000
2140.170000,214017,0.002000,-0.462000,9.838000,0.000204,-0.047111,1.003197,-0.004000,-0.001000,-0.001000
2140.350000,214035,-0.006000,-0.465000,9.823000,-0.000612,-0.047417,1.001667,-0.002000,-0.003000,0.001000
2140.470000,214047,0.009000,-0.458000,9.849000,0.000918,-0.046703,1.004318,0.001000,0.000000,0.000000
2140.570000,214057,0.008000,-0.453000,9.836000,0.000816,-0.046193,1.002993,0.000000,-0.001000,-0.001000
2140.790000,214079,-0.004000,-0.476000,9.838000,-0.000408,-0.048538,1.003197,0.000000,-0.002000,0.000000
2140.920000,214092,-0.025000,-0.431000,9.831000,-0.002549,-0.043950,1.002483,-0.002000,-0.002000,0.000000
2141.000000,214100,0.017000,-0.466000,9.886000,0.001734,-0.047519,1.008091,0.000000,-0.002000,0.000000
2141.070000,214107,0.014000,-0.451000,9.836000,0.001428,-0.045989,1.002993,-0.001000,-0.001000,-0.002000
2141.140000,214114,0.000000,-0.444000,9.853000,0.000000,-0.045275,1.004726,-0.004000,-0.002000,0.000000
2141.210000,214121,-0.001000,-0.450000,9.876000,-0.000102,-0.045887,1.007072,0.007000,-0.001000,0.000000
2141.290000,214129,0.000000,-0.439000,9.860000,0.000000,-0.044766,1.005440,0.006000,-0.002000,-0.001000
2141.360000,214136,0.008000,-0.451000,9.817000,0.000816,-0.045989,1.001055,-0.003000,-0.001000,0.000000
2141.450000,214145,0.005000,-0.447000,9.844000,0.000510,-0.045581,1.003809,0.000000,-0.001000,-0.002000
2141.510000,214151,0.008000,-0.461000,9.839000,0.000816,-0.047009,1.003299,0.004000,-0.002000,0.000000
2141.560000,214156,-0.003000,-0.456000,9.833000,-0.000306,-0.046499,1.002687,-0.001000,-0.002000,-0.001000
2141.650000,214165,0.008000,-0.449000,9.838000,0.000816,-0.045785,1.003197,0.001000,0.000000,0.000000
2141.700000,214170,0.002000,-0.472000,9.840000,0.000204,-0.048131,1.003401,-0.003000,-0.001000,-0.003000
2141.770000,214177,0.004000,-0.455000,9.841000,0.000408,-0.046397,1.003503,0.003000,0.000000,0.000000
2141.850000,214185,0.000000,-0.457000,9.831000,0.000000,-0.046601,1.002483,0.002000,-0.001000,-0.001000
2141.920000,214192,0.009000,-0.457000,9.832000,0.000918,-0.046601,1.002585,0.000000,-0.002000,-0.001000
2142.000000,214200,0.007000,-0.455000,9.832000,0.000714,-0.046397,1.002585,0.000000,-0.001000,-0.001000
2142.070000,214207,-0.005000,-0.466000,9.863000,-0.000510,-0.047519,1.005746,0.001000,-0.001000,-0.001000
2142.130000,214213,0.011000,-0.450000,9.841000,0.001122,-0.045887,1.003503,0.001000,-0.001000,-0.001000
2142.180000,214218,-0.003000,-0.435000,9.823000,-0.000306,-0.044358,1.001667,0.000000,-0.002000,-0.001000
2142.230000,214223,-0.004000,-0.453000,9.837000,-0.000408,-0.046193,1.003095,0.001000,-0.001000,-0.001000
2142.280000,214228,-0.004000,-0.453000,9.866000,-0.000408,-0.046193,1.006052,0.003000,0.000000,-0.001000
2142.330000,214233,-0.008000,-0.445000,9.825000,-0.000816,-0.045377,1.001871,-0.001000,-0.001000,0.000000
2142.380000,214238,0.001000,-0.450000,9.830000,0.000102,-0.045887,1.002381,0.001000,-0.001000,-0.001000
2142.430000,214243,0.007000,-0.459000,9.847000,0.000714,-0.046805,1.004115,0.000000,-0.001000,-0.001000
2142.540000,214254,-0.004000,-0.460000,9.836000,-0.000408,-0.046907,1.002993,0.002000,-0.002000,-0.001000
2142.610000,214261,0.004000,-0.452000,9.835000,0.000408,-0.046091,1.002891,0.000000,-0.001000,-0.001000
2142.660000,214266,0.014000,-0.458000,9.826000,0.001428,-0.046703,1.001973,-0.001000,-0.003000,0.000000
2142.710000,214271,0.013000,-0.452000,9.839000,0.001326,-0.046091,1.003299,-0.001000,-0.001000,-0.001000
2142.760000,214276,0.008000,-0.449000,9.845000,0.000816,-0.045785,1.003911,0.002000,-0.002000,0.000000
2142.810000,214281,0.011000,-0.431000,9.854000,0.001122,-0.043950,1.004828,0.005000,-0.001000,0.000000
2142.860000,214286,0.010000,-0.453000,9.826000,0.001020,-0.046193,1.001973,0.000000,0.000000,0.000000
2142.910000,214291,-0.008000,-0.456000,9.841000,-0.000816,-0.046499,1.003503,0.000000,-0.002000,0.000000
2142.960000,214296,0.009000,-0.452000,9.854000,0.000918,-0.046091,1.004828,0.000000,-0.001000,-0.001000
2143.030000,214303,0.004000,-0.462000,9.843000,0.000408,-0.047111,1.003707,0.000000,-0.001000,-0.001000
2143.080000,214308,0.003000,-0.454000,9.835000,0.000306,-0.046295,1.002891,-0.001000,-0.001000,-0.001000
2143.130000,214313,-0.005000,-0.459000,9.830000,-0.000510,-0.046805,1.002381,0.002000,-0.002000,-0.002000
2143.180000,214318,-0.011000,-0.468000,9.841000,-0.001122,-0.047723,1.003503,0.002000,-0.001000,0.000000
2143.230000,214323,0.009000,-0.460000,9.842000,0.000918,-0.046907,1.003605,0.000000,-0.003000,0.000000
2143.280000,214328,0.018000,-0.444000,9.839000,0.001835,-0.045275,1.003299,0.000000,-0.001000,0.000000
2143.380000,214338,-0.005000,-0.462000,9.844000,-0.000510,-0.047111,1.003809,0.000000,-0.001000,0.000000
2143.450000,214345,0.006000,-0.451000,9.841000,0.000612,-0.045989,1.003503,0.000000,-0.001000,-0.001000
2143.540000,214354,0.002000,-0.440000,9.839000,0.000204,-0.044868,1.003299,0.000000,-0.002000,-0.001000
2143.650000,214365,-0.002000,-0.447000,9.828000,-0.000204,-0.045581,1.002177,0.000000,-0.001000,-0.001000
2143.720000,214372,0.021000,-0.467000,9.850000,0.002141,-0.047621,1.004420,0.000000,-0.001000,0.000000
2143.790000,214379,-0.004000,-0.444000,9.832000,-0.000408,-0.045275,1.002585,0.000000,-0.002000,-0.001000
2143.850000,214385,-0.008000,-0.450000,9.840000,-0.000816,-0.045887,1.003401,0.000000,-0.002000,-0.002000
2143.940000,214394,0.014000,-0.455000,9.848000,0.001428,-0.046397,1.004217,0.003000,-0.002000,-0.001000
2144.040000,214404,0.016000,-0.445000,9.847000,0.001632,-0.045377,1.004115,0.001000,-0.001000,-0.002000
2144.120000,214412,0.001000,-0.468000,9.837000,0.000102,-0.047723,1.003095,0.001000,-0.002000,-0.001000
2144.210000,214421,-0.015000,-0.454000,9.818000,-0.001530,-0.046295,1.001157,0.000000,-0.003000,-0.001000
2144.260000,214426,-0.004000,-0.457000,9.839000,-0.000408,-0.046601,1.003299,0.002000,-0.002000,-0.002000
2144.330000,214433,-0.002000,-0.453000,9.847000,-0.000204,-0.046193,1.004115,0.004000,-0.001000,-0.001000
2144.380000,214438,0.013000,-0.462000,9.817000,0.001326,-0.047111,1.001055,-0.003000,-0.001000,-0.001000
2144.450000,214445,0.004000,-0.467000,9.839000,0.000408,-0.047621,1.003299,-0.001000,-0.001000,-0.001000
2144.520000,214452,-0.008000,-0.457000,9.803000,-0.000816,-0.046601,0.999628,0.000000,-0.001000,-0.001000
2144.610000,214461,0.006000,-0.455000,9.875000,0.000612,-0.046397,1.006970,0.003000,-0.001000,0.000000
2144.750000,214475,0.014000,-0.451000,9.853000,0.001428,-0.045989,1.004726,0.001000,-0.002000,-0.002000
2144.850000,214485,0.005000,-0.454000,9.856000,0.000510,-0.046295,1.005032,0.003000,-0.002000,-0.001000
2144.920000,214492,0.000000,-0.463000,9.854000,0.000000,-0.047213,1.004828,0.001000,-0.001000,-0.001000
2145.060000,214506,0.014000,-0.453000,9.862000,0.001428,-0.046193,1.005644,0.004000,-0.002000,-0.001000
2145.130000,214513,0.003000,-0.466000,9.823000,0.000306,-0.047519,1.001667,-0.002000,-0.001000,0.000000
2145.210000,214521,-0.006000,-0.454000,9.857000,-0.000612,-0.046295,1.005134,0.001000,-0.001000,-0.001000
2145.290000,214529,-0.011000,-0.453000,9.854000,-0.001122,-0.046193,1.004828,0.002000,-0.001000,-0.001000
2145.350000,214535,0.005000,-0.464000,9.857000,0.000510,-0.047315,1.005134,0.003000,-0.002000,-0.001000
2145.410000,214541,0.015000,-0.451000,9.839000,0.001530,-0.045989,1.003299,0.000000,-0.001000,0.000000
2145.480000,214548,0.013000,-0.449000,9.850000,0.001326,-0.045785,1.004420,0.000000,-0.001000,-0.001000
2145.530000,214553,0.004000,-0.446000,9.850000,0.000408,-0.045479,1.004420,0.007000,-0.001000,0.000000
2145.580000,214558,0.004000,-0.461000,9.828000,0.000408,-0.047009,1.002177,0.002000,-0.002000,-0.001000
2145.630000,214563,0.002000,-0.459000,9.836000,0.000204,-0.046805,1.002993,0.003000,-0.001000,0.000000
2145.680000,214568,0.017000,-0.445000,9.825000,0.001734,-0.045377,1.001871,0.001000,-0.001000,-0.001000
2145.750000,214575,0.011000,-0.461000,9.837000,0.001122,-0.047009,1.003095,0.000000,-0.001000,-0.002000
2145.820000,214582,0.005000,-0.454000,9.818000,0.000510,-0.046295,1.001157,-0.005000,-0.002000,-0.002000
2145.910000,214591,0.004000,-0.459000,9.832000,0.000408,-0.046805,1.002585,0.001000,-0.002000,0.000000
2145.960000,214596,0.005000,-0.443000,9.865000,0.000510,-0.045173,1.005950,0.002000,-0.001000,-0.002000
2146.010000,214601,-0.009000,-0.451000,9.829000,-0.000918,-0.045989,1.002279,0.000000,-0.002000,-0.002000
2146.060000,214606,0.001000,-0.464000,9.820000,0.000102,-0.047315,1.001361,-0.001000,-0.001000,0.000000
2146.140000,214614,-0.005000,-0.445000,9.838000,-0.000510,-0.045377,1.003197,0.000000,-0.002000,0.000000
2146.240000,214624,0.004000,-0.472000,9.844000,0.000408,-0.048131,1.003809,0.000000,-0.002000,0.000000
2146.320000,214632,0.002000,-0.458000,9.826000,0.000204,-0.046703,1.001973,0.000000,-0.002000,-0.001000
2146.390000,214639,0.005000,-0.457000,9.799000,0.000510,-0.046601,0.999220,-0.005000,-0.002000,0.000000
2146.470000,214647,0.000000,-0.459000,9.844000,0.000000,-0.046805,1.003809,0.000000,0.000000,-0.001000
2146.520000,214652,0.005000,-0.454000,9.834000,0.000510,-0.046295,1.002789,0.000000,-0.001000,-0.001000
2146.570000,214657,0.008000,-0.450000,9.835000,0.000816,-0.045887,1.002891,0.000000,-0.002000,-0.001000
2146.620000,214662,0.008000,-0.459000,9.856000,0.000816,-0.046805,1.005032,0.002000,0.000000,-0.001000
2146.670000,214667,0.007000,-0.447000,9.831000,0.000714,-0.045581,1.002483,-0.001000,-0.002000,-0.002000
2146.720000,214672,0.000000,-0.454000,9.846000,0.000000,-0.046295,1.004013,0.006000,-0.002000,-0.001000
2146.770000,214677,-0.008000,-0.438000,9.851000,-0.000816,-0.044664,1.004522,0.001000,-0.002000,-0.002000
2146.820000,214682,0.002000,-0.441000,9.821000,0.000204,-0.044969,1.001463,-0.002000,-0.001000,-0.001000
2146.870000,214687,0.014000,-0.456000,9.820000,0.001428,-0.046499,1.001361,0.000000,-0.002000,0.000000
2146.920000,214692,0.008000,-0.441000,9.839000,0.000816,-0.044969,1.003299,0.002000,-0.002000,-0.001000
2146.970000,214697,-0.002000,-0.456000,9.832000,-0.000204,-0.046499,1.002585,0.001000,-0.002000,-0.001000
2147.060000,214706,0.002000,-0.462000,9.826000,0.000204,-0.047111,1.001973,0.000000,-0.002000,-0.001000
2147.130000,214713,0.005000,-0.443000,9.816000,0.000510,-0.045173,1.000953,-0.001000,-0.003000,-0.001000
2147.210000,214721,0.014000,-0.451000,9.853000,0.001428,-0.045989,1.004726,0.003000,-0.001000,-0.001000
2147.290000,214729,-0.001000,-0.452000,9.832000,-0.000102,-0.046091,1.002585,0.002000,-0.001000,-0.001000
2147.390000,214739,-0.001000,-0.450000,9.835000,-0.000102,-0.045887,1.002891,0.001000,-0.002000,-0.001000
2147.440000,214744,0.001000,-0.460000,9.842000,0.000102,-0.046907,1.003605,0.000000,0.000000,-0.001000
2147.490000,214749,0.013000,-0.446000,9.835000,0.001326,-0.045479,1.002891,0.000000,-0.002000,-0.001000
2147.540000,214754,-0.001000,-0.471000,9.836000,-0.000102,-0.048029,1.002993,0.001000,-0.001000,-0.001000
2147.590000,214759,0.004000,-0.459000,9.845000,0.000408,-0.046805,1.003911,0.002000,-0.003000,0.000000
2147.660000,214766,-0.002000,-0.440000,9.832000,-0.000204,-0.044868,1.002585,0.000000,-0.002000,0.000000
2147.730000,214773,-0.002000,-0.445000,9.841000,-0.000204,-0.045377,1.003503,0.000000,-0.002000,-0.001000
2147.800000,214780,0.014000,-0.446000,9.840000,0.001428,-0.045479,1.003401,0.001000,-0.002000,-0.001000
2147.860000,214786,-0.008000,-0.458000,9.835000,-0.000816,-0.046703,1.002891,0.000000,-0.001000,-0.001000
2147.910000,214791,-0.008000,-0.452000,9.821000,-0.000816,-0.046091,1.001463,-0.005000,-0.001000,-0.001000
2147.990000,214799,0.010000,-0.467000,9.838000,0.001020,-0.047621,1.003197,0.000000,-0.002000,-0.001000
2148.040000,214804,-0.003000,-0.454000,9.856000,-0.000306,-0.046295,1.005032,0.004000,0.000000,-0.001000
2148.140000,214814,0.010000,-0.451000,9.809000,0.001020,-0.045989,1.000240,-0.003000,-0.002000,-0.001000
2148.230000,214823,0.014000,-0.463000,9.821000,0.001428,-0.047213,1.001463,0.000000,-0.002000,-0.001000
2148.320000,214832,0.010000,-0.462000,9.818000,0.001020,-0.047111,1.001157,-0.007000,-0.001000,0.000000
2148.420000,214842,0.007000,-0.445000,9.843000,0.000714,-0.045377,1.003707,0.000000,0.000000,0.000000
2148.490000,214849,0.005000,-0.426000,9.878000,0.000510,-0.043440,1.007276,0.005000,-0.001000,-0.001000
2148.580000,214858,0.012000,-0.457000,9.838000,0.001224,-0.046601,1.003197,0.001000,-0.001000,-0.002000
212148.680000,21214868,-0.003000,-0.441000,9.851000,-0.000306,-0.044969,1.004522,0.002000,-0.001000,-0.001000
2148.760000,214876,0.004000,-0.451000,9.849000,0.000408,-0.045989,1.004318,0.003000,-0.001000,-0.001000
2148.830000,214883,0.008000,-0.435000,9.824000,0.000816,-0.044358,1.001769,0.002000,0.000000,-0.001000
2148.920000,214892,-0.002000,-0.460000,9.830000,-0.000204,-0.046907,1.002381,-0.001000,-0.001000,-0.001000
2148.990000,214899,-0.008000,-0.463000,9.826000,-0.000816,-0.047213,1.001973,0.000000,-0.001000,-0.001000
2149.040000,214904,-0.003000,-0.469000,9.835000,-0.000306,-0.047825,1.002891,-0.004000,-0.002000,-0.001000
2149.090000,214909,0.001000,-0.448000,9.854000,0.000102,-0.045683,1.004828,0.013000,-0.001000,-0.002000
2149.190000,214919,-0.001000,-0.438000,9.842000,-0.000102,-0.044664,1.003605,0.000000,-0.002000,0.000000
2149.240000,214924,0.050000,-0.468000,9.803000,0.005099,-0.047723,0.999628,0.003000,-0.003000,-0.002000
2149.310000,214931,-0.015000,-0.488000,9.777000,-0.001530,-0.049762,0.996977,-0.016000,-0.001000,-0.001000
2149.400000,214940,-0.022000,-0.444000,9.847000,-0.002243,-0.045275,1.004115,0.000000,0.000000,-0.002000
2149.490000,214949,0.008000,-0.454000,9.820000,0.000816,-0.046295,1.001361,-0.001000,-0.001000,-0.001000
2149.590000,214959,0.008000,-0.458000,9.852000,0.000816,-0.046703,1.004624,0.004000,-0.001000,-0.001000
2149.660000,214966,-0.002000,-0.451000,9.856000,-0.000204,-0.045989,1.005032,0.000000,0.000000,-0.001000
2149.740000,214974,0.013000,-0.435000,9.840000,0.001326,-0.044358,1.003401,0.001000,-0.002000,0.000000
2149.820000,214982,-0.004000,-0.450000,9.876000,-0.000408,-0.045887,1.007072,0.006000,-0.001000,-0.001000
2149.880000,214988,0.005000,-0.433000,9.852000,0.000510,-0.044154,1.004624,0.006000,0.000000,-0.002000
2149.930000,214993,0.009000,-0.442000,9.842000,0.000918,-0.045071,1.003605,0.002000,-0.001000,-0.001000
2150.000000,215000,-0.005000,-0.415000,9.866000,-0.000510,-0.042318,1.006052,0.018000,-0.001000,0.000000
2150.050000,215005,0.003000,-0.447000,9.855000,0.000306,-0.045581,1.004930,0.010000,0.000000,-0.001000
2150.100000,215010,-2.179000,-0.433000,9.377000,-0.222196,-0.044154,0.956188,0.208000,-0.008000,-1.996000
2150.180000,215018,1.081000,1.693000,14.596000,0.110231,0.172638,1.488378,-1.985000,-0.670000,-0.471000
2150.240000,215024,-0.696000,-2.009000,6.891000,-0.070972,-0.204861,0.702686,6.407000,1.920000,-1.333000
2150.310000,215031,-1.735000,2.578000,2.415000,-0.176921,0.262883,0.246261,-4.041000,-0.017000,-0.075000
2150.410000,215041,-2.574000,-1.311000,6.977000,-0.262475,-0.133685,0.711456,2.486000,-3.024000,-0.446000
2150.490000,215049,-2.727000,-0.487000,1.243000,-0.278077,-0.049660,0.126751,-3.225000,1.498000,0.135000
2150.610000,215061,-0.560000,0.296000,-0.237000,-0.057104,0.030184,-0.024167,1.550000,-0.791000,-1.050000
2150.720000,215072,1.382000,-0.165000,19.613000,0.140925,-0.016825,1.999969,1.148000,-2.480000,0.931000
2150.790000,215079,-0.394000,0.960000,0.402000,-0.040177,0.097893,0.040993,0.477000,-0.126000,-0.250000
2150.910000,215091,-0.492000,-0.735000,11.372000,-0.050170,-0.074949,1.159621,1.876000,-1.086000,-1.442000
2150.980000,215098,-0.093000,0.572000,5.188000,-0.009483,0.058328,0.529029,-0.866000,0.428000,0.389000
2151.040000,215104,0.747000,0.581000,11.792000,0.076173,0.059246,1.202449,-0.558000,0.002000,0.607000
2151.110000,215111,0.458000,-0.143000,9.746000,0.046703,-0.014582,0.993815,-0.214000,-0.084000,0.277000
2151.170000,215117,0.282000,-0.209000,10.444000,0.028756,-0.021312,1.064992,-0.891000,1.018000,0.210000
2151.260000,215126,-0.328000,0.087000,9.896000,-0.033447,0.008872,1.009111,0.012000,-0.029000,1.005000
2151.340000,215134,-0.026000,0.177000,9.900000,-0.002651,0.018049,1.009519,0.082000,-0.025000,0.424000
2151.450000,215145,0.473000,-0.646000,9.902000,0.048233,-0.065874,1.009723,-0.019000,-0.012000,0.340000
2151.530000,215153,-0.098000,0.025000,9.601000,-0.009993,0.002549,0.979030,0.365000,0.000000,0.036000
2151.600000,215160,0.092000,0.090000,9.914000,0.009381,0.009177,1.010947,0.016000,0.005000,-0.537000
2151.650000,215165,0.062000,0.102000,9.835000,0.006322,0.010401,1.002891,-0.002000,-0.003000,-0.145000
2151.700000,215170,-0.073000,-0.051000,9.842000,-0.007444,-0.005201,1.003605,0.000000,-0.001000,-0.006000
2151.750000,215175,0.010000,-0.095000,9.857000,0.001020,-0.009687,1.005134,0.000000,-0.001000,-0.008000
2151.800000,215180,0.014000,-0.083000,9.835000,0.001428,-0.008464,1.002891,0.001000,-0.002000,-0.001000
2151.850000,215185,0.077000,-0.146000,9.843000,0.007852,-0.014888,1.003707,0.002000,-0.001000,-0.027000
2151.900000,215190,-0.010000,-0.085000,9.856000,-0.001020,-0.008668,1.005032,0.000000,-0.003000,-0.001000
2151.950000,215195,0.004000,-0.098000,9.859000,0.000408,-0.009993,1.005338,0.000000,-0.001000,-0.001000
2152.000000,215200,0.108000,-0.398000,9.877000,0.011013,-0.040585,1.007174,-0.099000,-0.090000,-0.156000
2152.050000,215205,0.208000,-0.738000,9.836000,0.021210,-0.075255,1.002993,0.009000,0.006000,-0.520000
2152.100000,215210,0.047000,0.150000,9.986000,0.004793,0.015296,1.018289,0.121000,0.131000,-1.355000
2152.150000,215215,0.032000,-0.213000,9.873000,0.003263,-0.021720,1.006766,0.000000,-0.004000,0.019000
2152.200000,215220,0.035000,-0.125000,9.857000,0.003569,-0.012746,1.005134,0.000000,-0.001000,-0.001000
2152.250000,215225,0.044000,-0.132000,9.820000,0.004487,-0.013460,1.001361,0.001000,-0.001000,-0.001000
